"payment_id","account_id","payment_date","payment_amount","payment_round"
1,1,2018-01-21,414557,1
2,1,2018-02-22,414557,2
3,1,2018-03-24,414557,3
4,1,2018-04-20,414557,4
5,1,2018-05-22,414557,5
6,1,2018-06-22,414557,6
7,1,2018-07-24,414557,7
8,1,2018-08-19,414557,8
9,1,2018-09-20,414557,9
10,1,2018-10-24,414557,10
11,1,2018-11-20,414557,11
12,1,2018-12-20,414557,12
13,1,2019-01-22,414557,13
14,1,2019-02-21,414557,14
15,1,2019-03-20,414557,15
16,1,2019-04-23,414557,16
17,1,2019-05-22,414557,17
18,1,2019-06-19,414557,18
19,1,2019-07-21,414557,19
20,1,2019-08-23,414557,20
21,1,2019-09-23,414557,21
22,1,2019-10-19,414557,22
23,1,2019-11-21,414557,23
24,1,2019-12-22,414557,24
25,1,2020-01-18,414557,25
26,1,2020-02-21,414557,26
27,1,2020-03-19,414557,27
28,1,2020-04-23,414557,28
29,1,2020-05-22,414557,29
30,1,2020-06-21,414557,30
31,1,2020-07-18,414557,31
32,1,2020-08-18,414557,32
33,1,2020-09-20,414557,33
34,1,2020-10-20,414557,34
35,1,2020-11-24,414557,35
36,1,2020-12-19,414557,36
37,1,2021-01-21,414557,37
38,1,2021-02-21,414557,38
39,1,2021-03-24,414557,39
40,1,2021-04-23,414557,40
41,1,2021-05-23,414557,41
42,1,2021-06-24,414557,42
43,1,2021-07-23,414557,43
44,1,2021-08-20,414557,44
45,1,2021-09-21,414557,45
46,1,2021-10-24,414557,46
47,2,2024-05-18,101991,1
48,3,2024-05-18,781556,1
49,3,2024-06-15,781556,2
50,3,2024-07-18,781556,3
51,3,2024-08-20,781556,4
52,3,2024-09-18,781556,5
53,3,2024-10-20,781556,6
54,3,2024-11-17,781556,7
55,3,2024-12-20,781556,8
56,3,2025-01-15,781556,9
57,3,2025-02-17,781556,10
58,3,2025-03-15,781556,11
59,3,2025-04-19,781556,12
60,3,2025-05-16,781556,13
61,3,2025-06-20,781556,14
62,3,2025-07-16,781556,15
63,3,2025-08-16,781556,16
64,3,2025-09-20,781556,17
65,3,2025-10-17,781556,18
66,3,2025-11-19,781556,19
67,3,2025-12-15,781556,20
68,3,2026-01-18,781556,21
69,4,2024-05-18,214769,1
70,4,2024-06-17,214769,2
71,4,2024-07-18,214769,3
72,4,2024-08-20,214769,4
73,4,2024-09-15,214769,5
74,5,2017-02-25,42481332,1
75,6,2019-11-15,200000,1
76,6,2019-12-18,200000,2
77,6,2020-01-14,200000,3
78,6,2020-02-18,200000,4
79,6,2020-03-14,200000,5
80,6,2020-04-15,200000,6
81,6,2020-05-14,200000,7
82,6,2020-06-14,200000,8
83,6,2020-07-13,200000,9
84,6,2020-08-16,200000,10
85,6,2020-09-16,200000,11
86,6,2020-10-17,200000,12
87,6,2020-11-17,200000,13
88,6,2020-12-13,200000,14
89,6,2021-01-17,200000,15
90,6,2021-02-18,200000,16
91,6,2021-03-15,200000,17
92,6,2021-04-12,200000,18
93,6,2021-05-18,200000,19
94,6,2021-06-12,200000,20
95,6,2021-07-12,200000,21
96,6,2021-08-13,200000,22
97,6,2021-09-18,200000,23
98,6,2021-10-13,200000,24
99,6,2021-11-14,200000,25
100,6,2021-12-12,200000,26
101,6,2022-01-15,200000,27
102,6,2022-02-17,200000,28
103,6,2022-03-15,200000,29
104,6,2022-04-17,200000,30
105,6,2022-05-12,200000,31
106,6,2022-06-12,200000,32
107,6,2022-07-12,200000,33
108,6,2022-08-13,200000,34
109,6,2022-09-18,200000,35
110,6,2022-10-17,200000,36
111,6,2022-11-18,200000,37
112,6,2022-12-13,200000,38
113,6,2023-01-13,200000,39
114,6,2023-02-16,200000,40
115,6,2023-03-15,200000,41
116,6,2023-04-15,200000,42
117,6,2023-05-14,200000,43
118,6,2023-06-13,200000,44
119,6,2023-07-17,200000,45
120,6,2023-08-16,200000,46
121,6,2023-09-16,200000,47
122,6,2023-10-18,200000,48
123,6,2023-11-15,200000,49
124,6,2023-12-13,200000,50
125,6,2024-01-14,200000,51
126,6,2024-02-13,200000,52
127,6,2024-03-18,200000,53
128,7,2018-07-23,200000,1
129,7,2018-08-22,200000,2
130,7,2018-09-20,200000,3
131,7,2018-10-24,200000,4
132,7,2018-11-23,200000,5
133,7,2018-12-24,200000,6
134,7,2019-01-21,200000,7
135,7,2019-02-26,200000,8
136,7,2019-03-25,200000,9
137,7,2019-04-23,200000,10
138,8,2024-06-24,300000,1
139,8,2024-07-21,300000,2
140,8,2024-08-23,300000,3
141,8,2024-09-26,300000,4
142,8,2024-10-24,300000,5
143,8,2024-11-22,300000,6
144,8,2024-12-21,300000,7
145,8,2025-01-22,300000,8
146,8,2025-02-26,300000,9
147,8,2025-03-24,300000,10
148,8,2025-04-26,300000,11
149,8,2025-05-24,300000,12
150,8,2025-06-25,300000,13
151,8,2025-07-24,300000,14
152,8,2025-08-23,300000,15
153,8,2025-09-26,300000,16
154,8,2025-10-21,300000,17
155,8,2025-11-25,300000,18
156,8,2025-12-23,300000,19
157,8,2026-01-22,300000,20
158,8,2026-02-26,300000,21
159,8,2026-03-27,300000,22
160,8,2026-04-27,300000,23
161,9,2025-05-14,300000,1
162,10,2017-06-26,300000,1
163,10,2017-07-25,300000,2
164,10,2017-08-24,300000,3
165,10,2017-09-23,300000,4
166,10,2017-10-27,300000,5
167,10,2017-11-23,300000,6
168,10,2017-12-26,300000,7
169,10,2018-01-26,300000,8
170,10,2018-02-28,300000,9
171,10,2018-03-24,300000,10
172,10,2018-04-24,300000,11
173,10,2018-05-24,300000,12
174,10,2018-06-28,300000,13
175,10,2018-07-26,300000,14
176,10,2018-08-23,300000,15
177,10,2018-09-28,300000,16
178,10,2018-10-28,300000,17
179,10,2018-11-23,300000,18
180,10,2018-12-24,300000,19
181,10,2019-01-27,300000,20
182,10,2019-02-23,300000,21
183,10,2019-03-26,300000,22
184,10,2019-04-25,300000,23
185,10,2019-05-25,300000,24
186,10,2019-06-29,300000,25
187,10,2019-07-29,300000,26
188,10,2019-08-28,300000,27
189,10,2019-09-25,300000,28
190,10,2019-10-27,300000,29
191,10,2019-11-24,300000,30
192,10,2019-12-26,300000,31
193,10,2020-01-29,300000,32
194,10,2020-02-27,300000,33
195,10,2020-03-26,300000,34
196,10,2020-04-26,300000,35
197,11,2019-11-18,300000,1
198,11,2019-12-21,300000,2
199,11,2020-01-20,300000,3
200,11,2020-02-17,300000,4
201,11,2020-03-21,300000,5
202,11,2020-04-19,300000,6
203,11,2020-05-20,300000,7
204,11,2020-06-21,300000,8
205,11,2020-07-18,300000,9
206,11,2020-08-21,300000,10
207,11,2020-09-15,300000,11
208,11,2020-10-19,300000,12
209,11,2020-11-21,300000,13
210,11,2020-12-16,300000,14
211,11,2021-01-16,300000,15
212,11,2021-02-15,300000,16
213,11,2021-03-18,300000,17
214,11,2021-04-19,300000,18
215,11,2021-05-17,300000,19
216,11,2021-06-15,300000,20
217,11,2021-07-18,300000,21
218,11,2021-08-17,300000,22
219,11,2021-09-16,300000,23
220,11,2021-10-16,300000,24
221,11,2021-11-17,300000,25
222,11,2021-12-15,300000,26
223,11,2022-01-16,300000,27
224,11,2022-02-19,300000,28
225,11,2022-03-20,300000,29
226,12,2025-02-07,300000,1
227,12,2025-03-10,300000,2
228,12,2025-04-10,300000,3
229,12,2025-05-06,300000,4
230,12,2025-06-10,300000,5
231,12,2025-07-07,300000,6
232,12,2025-08-08,300000,7
233,12,2025-09-09,300000,8
234,12,2025-10-06,300000,9
235,12,2025-11-08,300000,10
236,12,2025-12-08,300000,11
237,13,2016-12-17,144285,1
238,13,2017-01-14,144285,2
239,13,2017-02-20,144285,3
240,13,2017-03-15,144285,4
241,13,2017-04-18,144285,5
242,13,2017-05-18,144285,6
243,13,2017-06-19,144285,7
244,13,2017-07-18,144285,8
245,13,2017-08-19,144285,9
246,13,2017-09-19,144285,10
247,13,2017-10-19,144285,11
248,13,2017-11-20,144285,12
249,13,2017-12-20,144285,13
250,13,2018-01-17,144285,14
251,13,2018-02-16,144285,15
252,13,2018-03-19,144285,16
253,13,2018-04-19,144285,17
254,13,2018-05-16,144285,18
255,13,2018-06-14,144285,19
256,13,2018-07-19,144285,20
257,13,2018-08-17,144285,21
258,13,2018-09-18,144285,22
259,13,2018-10-18,144285,23
260,13,2018-11-15,144285,24
261,13,2018-12-15,144285,25
262,13,2019-01-18,144285,26
263,13,2019-02-18,144285,27
264,13,2019-03-20,144285,28
265,13,2019-04-17,144285,29
266,14,2018-02-08,114861,1
267,14,2018-03-10,114861,2
268,14,2018-04-06,114861,3
269,14,2018-05-07,114861,4
270,14,2018-06-11,114861,5
271,14,2018-07-08,114861,6
272,14,2018-08-08,114861,7
273,14,2018-09-07,114861,8
274,14,2018-10-05,114861,9
275,14,2018-11-11,114861,10
276,14,2018-12-10,114861,11
277,14,2019-01-07,114861,12
278,14,2019-02-10,114861,13
279,14,2019-03-09,114861,14
280,14,2019-04-08,114861,15
281,14,2019-05-10,114861,16
282,14,2019-06-06,114861,17
283,14,2019-07-10,114861,18
284,14,2019-08-09,114861,19
285,14,2019-09-11,114861,20
286,14,2019-10-08,114861,21
287,14,2019-11-07,114861,22
288,14,2019-12-09,114861,23
289,14,2020-01-08,114861,24
290,14,2020-02-10,114861,25
291,14,2020-03-11,114861,26
292,14,2020-04-05,114861,27
293,14,2020-05-11,114861,28
294,14,2020-06-05,114861,29
295,14,2020-07-06,114861,30
296,14,2020-08-11,114861,31
297,14,2020-09-08,114861,32
298,14,2020-10-05,114861,33
299,14,2020-11-07,114861,34
300,14,2020-12-08,114861,35
301,14,2021-01-07,114861,36
302,15,2022-12-06,300000,1
303,15,2023-01-03,300000,2
304,15,2023-02-02,300000,3
305,15,2023-03-05,300000,4
306,15,2023-04-06,300000,5
307,15,2023-05-05,300000,6
308,15,2023-06-06,300000,7
309,15,2023-07-07,300000,8
310,15,2023-08-05,300000,9
311,15,2023-09-02,300000,10
312,15,2023-10-06,300000,11
313,15,2023-11-06,300000,12
314,15,2023-12-04,300000,13
315,15,2024-01-04,300000,14
316,15,2024-02-01,300000,15
317,15,2024-03-05,300000,16
318,15,2024-04-04,300000,17
319,15,2024-05-01,300000,18
320,15,2024-06-07,300000,19
321,15,2024-07-07,300000,20
322,15,2024-08-04,300000,21
323,15,2024-09-05,300000,22
324,15,2024-10-06,300000,23
325,15,2024-11-03,300000,24
326,15,2024-12-05,300000,25
327,15,2025-01-02,300000,26
328,15,2025-02-07,300000,27
329,15,2025-03-04,300000,28
330,15,2025-04-04,300000,29
331,15,2025-05-06,300000,30
332,16,2024-05-20,200000,1
333,16,2024-06-21,200000,2
334,16,2024-07-20,200000,3
335,16,2024-08-18,200000,4
336,16,2024-09-17,200000,5
337,16,2024-10-21,200000,6
338,16,2024-11-15,200000,7
339,16,2024-12-16,200000,8
340,16,2025-01-19,200000,9
341,16,2025-02-15,200000,10
342,16,2025-03-18,200000,11
343,16,2025-04-19,200000,12
344,16,2025-05-16,200000,13
345,16,2025-06-16,200000,14
346,16,2025-07-17,200000,15
347,17,2025-07-12,200000,1
348,17,2025-08-12,200000,2
349,17,2025-09-14,200000,3
350,17,2025-10-13,200000,4
351,17,2025-11-09,200000,5
352,17,2025-12-09,200000,6
353,17,2026-01-14,200000,7
354,17,2026-02-12,200000,8
355,17,2026-03-12,200000,9
356,17,2026-04-15,200000,10
357,17,2026-05-11,200000,11
358,18,2022-07-31,21288842,1
359,19,2023-09-04,196749,1
360,19,2023-10-01,196749,2
361,19,2023-11-06,196749,3
362,19,2023-12-06,196749,4
363,19,2024-01-06,196749,5
364,19,2024-02-05,196749,6
365,19,2024-03-06,196749,7
366,19,2024-04-01,196749,8
367,19,2024-05-03,196749,9
368,19,2024-06-05,196749,10
369,19,2024-07-03,196749,11
370,19,2024-08-05,196749,12
371,19,2024-09-03,196749,13
372,19,2024-10-02,196749,14
373,19,2024-11-03,196749,15
374,19,2024-12-06,196749,16
375,19,2025-01-02,196749,17
376,19,2025-02-03,196749,18
377,19,2025-03-05,196749,19
378,19,2025-04-05,196749,20
379,19,2025-05-05,196749,21
380,19,2025-06-04,196749,22
381,19,2025-07-01,196749,23
382,19,2025-08-05,196749,24
383,19,2025-09-02,196749,25
384,19,2025-10-05,196749,26
385,19,2025-11-04,196749,27
386,19,2025-12-06,196749,28
387,19,2026-01-02,196749,29
388,20,2025-05-18,64741,1
389,20,2025-06-20,64741,2
390,20,2025-07-20,64741,3
391,20,2025-08-18,64741,4
392,20,2025-09-18,64741,5
393,20,2025-10-18,64741,6
394,21,2025-05-18,53785,1
395,21,2025-06-15,53785,2
396,21,2025-07-18,53785,3
397,22,2025-05-20,61179,1
398,22,2025-06-21,61179,2
399,22,2025-07-21,61179,3
400,22,2025-08-16,61179,4
401,23,2021-07-22,3687416,1
402,24,2018-06-05,200000,1
403,24,2018-07-04,200000,2
404,24,2018-08-03,200000,3
405,24,2018-09-06,200000,4
406,24,2018-10-02,200000,5
407,24,2018-10-31,200000,6
408,24,2018-11-30,200000,7
409,24,2019-01-03,200000,8
410,24,2019-02-02,200000,9
411,24,2019-03-02,200000,10
412,24,2019-04-05,200000,11
413,24,2019-05-06,200000,12
414,25,2024-05-18,10822235,1
415,26,2021-05-19,290482,1
416,26,2021-06-20,290482,2
417,26,2021-07-17,290482,3
418,26,2021-08-20,290482,4
419,26,2021-09-18,290482,5
420,26,2021-10-22,290482,6
421,26,2021-11-17,290482,7
422,26,2021-12-20,290482,8
423,26,2022-01-16,290482,9
424,26,2022-02-18,290482,10
425,26,2022-03-18,290482,11
426,26,2022-04-16,290482,12
427,26,2022-05-20,290482,13
428,26,2022-06-19,290482,14
429,26,2022-07-16,290482,15
430,26,2022-08-20,290482,16
431,26,2022-09-16,290482,17
432,26,2022-10-16,290482,18
433,26,2022-11-17,290482,19
434,26,2022-12-20,290482,20
435,26,2023-01-19,290482,21
436,26,2023-02-22,290482,22
437,26,2023-03-17,290482,23
438,26,2023-04-16,290482,24
439,26,2023-05-22,290482,25
440,26,2023-06-21,290482,26
441,26,2023-07-22,290482,27
442,26,2023-08-16,290482,28
443,27,2021-05-19,172018,1
444,27,2021-06-16,172018,2
445,27,2021-07-20,172018,3
446,27,2021-08-19,172018,4
447,27,2021-09-18,172018,5
448,27,2021-10-19,172018,6
449,27,2021-11-17,172018,7
450,27,2021-12-17,172018,8
451,27,2022-01-18,172018,9
452,27,2022-02-16,172018,10
453,27,2022-03-20,172018,11
454,27,2022-04-19,172018,12
455,27,2022-05-17,172018,13
456,27,2022-06-16,172018,14
457,27,2022-07-18,172018,15
458,27,2022-08-22,172018,16
459,27,2022-09-21,172018,17
460,27,2022-10-22,172018,18
461,27,2022-11-22,172018,19
462,27,2022-12-17,172018,20
463,27,2023-01-18,172018,21
464,27,2023-02-19,172018,22
465,27,2023-03-22,172018,23
466,27,2023-04-22,172018,24
467,27,2023-05-20,172018,25
468,27,2023-06-17,172018,26
469,27,2023-07-17,172018,27
470,27,2023-08-19,172018,28
471,27,2023-09-21,172018,29
472,27,2023-10-16,172018,30
473,28,2021-05-22,492487,1
474,28,2021-06-19,492487,2
475,28,2021-07-16,492487,3
476,28,2021-08-19,492487,4
477,28,2021-09-20,492487,5
478,28,2021-10-21,492487,6
479,28,2021-11-19,492487,7
480,28,2021-12-17,492487,8
481,28,2022-01-21,492487,9
482,28,2022-02-21,492487,10
483,28,2022-03-19,492487,11
484,28,2022-04-22,492487,12
485,28,2022-05-18,492487,13
486,28,2022-06-22,492487,14
487,28,2022-07-19,492487,15
488,28,2022-08-21,492487,16
489,28,2022-09-17,492487,17
490,28,2022-10-21,492487,18
491,28,2022-11-22,492487,19
492,28,2022-12-17,492487,20
493,28,2023-01-16,492487,21
494,28,2023-02-20,492487,22
495,29,2025-09-16,300000,1
496,30,2024-10-10,300000,1
497,30,2024-11-10,300000,2
498,30,2024-12-07,300000,3
499,30,2025-01-09,300000,4
500,30,2025-02-07,300000,5
501,30,2025-03-08,300000,6
502,30,2025-04-06,300000,7
503,30,2025-05-12,300000,8
504,30,2025-06-11,300000,9
505,30,2025-07-06,300000,10
506,31,2022-11-26,42623822,1
507,32,2017-10-28,30121115,1
508,33,2018-01-13,49849141,1
509,34,2019-01-04,124168,1
510,34,2019-02-07,124168,2
511,35,2020-08-26,300000,1
512,35,2020-09-26,300000,2
513,35,2020-10-22,300000,3
514,35,2020-11-21,300000,4
515,35,2020-12-22,300000,5
516,35,2021-01-25,300000,6
517,35,2021-02-25,300000,7
518,35,2021-03-22,300000,8
519,35,2021-04-26,300000,9
520,35,2021-05-21,300000,10
521,35,2021-06-22,300000,11
522,35,2021-07-22,300000,12
523,35,2021-08-22,300000,13
524,35,2021-09-23,300000,14
525,35,2021-10-25,300000,15
526,35,2021-11-27,300000,16
527,35,2021-12-26,300000,17
528,36,2021-01-15,300000,1
529,36,2021-02-17,300000,2
530,36,2021-03-15,300000,3
531,36,2021-04-17,300000,4
532,36,2021-05-18,300000,5
533,36,2021-06-16,300000,6
534,36,2021-07-18,300000,7
535,36,2021-08-17,300000,8
536,36,2021-09-15,300000,9
537,36,2021-10-15,300000,10
538,36,2021-11-17,300000,11
539,36,2021-12-14,300000,12
540,37,2023-02-12,300000,1
541,37,2023-03-11,300000,2
542,37,2023-04-10,300000,3
543,37,2023-05-11,300000,4
544,37,2023-06-11,300000,5
545,37,2023-07-15,300000,6
546,37,2023-08-09,300000,7
547,37,2023-09-15,300000,8
548,37,2023-10-13,300000,9
549,37,2023-11-12,300000,10
550,37,2023-12-10,300000,11
551,38,2026-01-03,51362892,1
552,39,2016-09-10,300000,1
553,39,2016-10-07,300000,2
554,39,2016-11-12,300000,3
555,39,2016-12-09,300000,4
556,39,2017-01-10,300000,5
557,39,2017-02-07,300000,6
558,39,2017-03-08,300000,7
559,39,2017-04-10,300000,8
560,39,2017-05-09,300000,9
561,39,2017-06-12,300000,10
562,39,2017-07-13,300000,11
563,39,2017-08-10,300000,12
564,39,2017-09-13,300000,13
565,39,2017-10-07,300000,14
566,39,2017-11-09,300000,15
567,39,2017-12-08,300000,16
568,39,2018-01-09,300000,17
569,39,2018-02-09,300000,18
570,39,2018-03-11,300000,19
571,39,2018-04-09,300000,20
572,39,2018-05-09,300000,21
573,39,2018-06-10,300000,22
574,39,2018-07-08,300000,23
575,39,2018-08-10,300000,24
576,39,2018-09-10,300000,25
577,39,2018-10-07,300000,26
578,39,2018-11-10,300000,27
579,39,2018-12-11,300000,28
580,39,2019-01-11,300000,29
581,39,2019-02-13,300000,30
582,39,2019-03-07,300000,31
583,39,2019-04-13,300000,32
584,39,2019-05-13,300000,33
585,39,2019-06-12,300000,34
586,39,2019-07-08,300000,35
587,40,2026-01-04,300000,1
588,40,2026-02-02,300000,2
589,40,2026-03-04,300000,3
590,40,2026-04-02,300000,4
591,40,2026-05-01,300000,5
592,41,2020-10-22,718604,1
593,41,2020-11-22,718604,2
594,41,2020-12-24,718604,3
595,41,2021-01-20,718604,4
596,41,2021-02-25,718604,5
597,41,2021-03-21,718604,6
598,41,2021-04-25,718604,7
599,41,2021-05-21,718604,8
600,41,2021-06-23,718604,9
601,41,2021-07-19,718604,10
602,41,2021-08-21,718604,11
603,41,2021-09-19,718604,12
604,41,2021-10-22,718604,13
605,41,2021-11-19,718604,14
606,41,2021-12-22,718604,15
607,41,2022-01-20,718604,16
608,41,2022-02-20,718604,17
609,41,2022-03-24,718604,18
610,41,2022-04-24,718604,19
611,41,2022-05-23,718604,20
612,41,2022-06-21,718604,21
613,41,2022-07-23,718604,22
614,41,2022-08-22,718604,23
615,41,2022-09-23,718604,24
616,41,2022-10-19,718604,25
617,41,2022-11-22,718604,26
618,41,2022-12-24,718604,27
619,42,2020-04-13,280188,1
620,42,2020-05-13,280188,2
621,42,2020-06-10,280188,3
622,42,2020-07-08,280188,4
623,42,2020-08-11,280188,5
624,42,2020-09-10,280188,6
625,42,2020-10-13,280188,7
626,42,2020-11-14,280188,8
627,42,2020-12-08,280188,9
628,42,2021-01-14,280188,10
629,42,2021-02-12,280188,11
630,42,2021-03-14,280188,12
631,42,2021-04-12,280188,13
632,42,2021-05-12,280188,14
633,42,2021-06-13,280188,15
634,42,2021-07-12,280188,16
635,43,2024-08-12,695507,1
636,43,2024-09-07,695507,2
637,43,2024-10-10,695507,3
638,43,2024-11-07,695507,4
639,43,2024-12-13,695507,5
640,43,2025-01-11,695507,6
641,43,2025-02-10,695507,7
642,43,2025-03-09,695507,8
643,43,2025-04-11,695507,9
644,43,2025-05-10,695507,10
645,43,2025-06-12,695507,11
646,44,2016-10-19,243231,1
647,44,2016-11-19,243231,2
648,44,2016-12-21,243231,3
649,44,2017-01-19,243231,4
650,44,2017-02-17,243231,5
651,44,2017-03-22,243231,6
652,44,2017-04-18,243231,7
653,44,2017-05-20,243231,8
654,44,2017-06-18,243231,9
655,44,2017-07-18,243231,10
656,44,2017-08-17,243231,11
657,45,2023-05-19,42780326,1
658,46,2023-05-19,12143109,1
659,47,2024-03-11,31941173,1
660,48,2016-12-26,20331533,1
661,49,2021-08-17,230976,1
662,49,2021-09-15,230976,2
663,49,2021-10-14,230976,3
664,49,2021-11-16,230976,4
665,49,2021-12-20,230976,5
666,50,2024-01-02,292649,1
667,50,2024-02-03,292649,2
668,50,2024-03-02,292649,3
669,50,2024-03-31,292649,4
670,50,2024-05-04,292649,5
671,50,2024-05-30,292649,6
672,50,2024-07-03,292649,7
673,51,2022-09-27,222652,1
674,51,2022-10-24,222652,2
675,51,2022-11-25,222652,3
676,51,2022-12-25,222652,4
677,51,2023-01-22,222652,5
678,51,2023-02-24,222652,6
679,51,2023-03-23,222652,7
680,51,2023-04-28,222652,8
681,51,2023-05-25,222652,9
682,51,2023-06-25,222652,10
683,51,2023-07-22,222652,11
684,51,2023-08-26,222652,12
685,51,2023-09-23,222652,13
686,51,2023-10-27,222652,14
687,51,2023-11-24,222652,15
688,51,2023-12-25,222652,16
689,51,2024-01-25,222652,17
690,52,2019-12-26,298614,1
691,52,2020-01-25,298614,2
692,52,2020-02-23,298614,3
693,52,2020-03-29,298614,4
694,52,2020-04-28,298614,5
695,52,2020-05-23,298614,6
696,52,2020-06-27,298614,7
697,52,2020-07-26,298614,8
698,52,2020-08-25,298614,9
699,52,2020-09-28,298614,10
700,52,2020-10-29,298614,11
701,53,2018-03-15,500000,1
702,53,2018-04-15,500000,2
703,53,2018-05-11,500000,3
704,53,2018-06-12,500000,4
705,53,2018-07-10,500000,5
706,53,2018-08-09,500000,6
707,53,2018-09-15,500000,7
708,53,2018-10-14,500000,8
709,53,2018-11-15,500000,9
710,53,2018-12-15,500000,10
711,53,2019-01-13,500000,11
712,53,2019-02-11,500000,12
713,53,2019-03-09,500000,13
714,54,2017-01-10,500000,1
715,54,2017-02-07,500000,2
716,54,2017-03-10,500000,3
717,54,2017-04-11,500000,4
718,54,2017-05-08,500000,5
719,54,2017-06-08,500000,6
720,54,2017-07-09,500000,7
721,54,2017-08-10,500000,8
722,54,2017-09-13,500000,9
723,54,2017-10-13,500000,10
724,54,2017-11-12,500000,11
725,54,2017-12-07,500000,12
726,54,2018-01-10,500000,13
727,54,2018-02-10,500000,14
728,54,2018-03-07,500000,15
729,55,2020-05-21,272848,1
730,55,2020-06-18,272848,2
731,55,2020-07-19,272848,3
732,55,2020-08-16,272848,4
733,55,2020-09-16,272848,5
734,55,2020-10-21,272848,6
735,55,2020-11-17,272848,7
736,55,2020-12-21,272848,8
737,55,2021-01-22,272848,9
738,55,2021-02-21,272848,10
739,55,2021-03-16,272848,11
740,55,2021-04-18,272848,12
741,55,2021-05-21,272848,13
742,55,2021-06-18,272848,14
743,56,2024-09-17,82096,1
744,56,2024-10-19,82096,2
745,56,2024-11-19,82096,3
746,56,2024-12-19,82096,4
747,56,2025-01-17,82096,5
748,56,2025-02-18,82096,6
749,56,2025-03-19,82096,7
750,56,2025-04-16,82096,8
751,56,2025-05-16,82096,9
752,56,2025-06-19,82096,10
753,57,2024-03-24,186088,1
754,57,2024-04-25,186088,2
755,57,2024-05-23,186088,3
756,57,2024-06-25,186088,4
757,57,2024-07-23,186088,5
758,57,2024-08-23,186088,6
759,57,2024-09-20,186088,7
760,57,2024-10-26,186088,8
761,57,2024-11-20,186088,9
762,57,2024-12-22,186088,10
763,57,2025-01-23,186088,11
764,57,2025-02-24,186088,12
765,57,2025-03-26,186088,13
766,57,2025-04-21,186088,14
767,57,2025-05-22,186088,15
768,57,2025-06-20,186088,16
769,57,2025-07-25,186088,17
770,57,2025-08-22,186088,18
771,57,2025-09-22,186088,19
772,57,2025-10-26,186088,20
773,57,2025-11-22,186088,21
774,58,2025-03-08,150811,1
775,58,2025-04-05,150811,2
776,58,2025-05-07,150811,3
777,58,2025-06-05,150811,4
778,58,2025-07-03,150811,5
779,58,2025-08-05,150811,6
780,58,2025-09-08,150811,7
781,58,2025-10-08,150811,8
782,58,2025-11-03,150811,9
783,59,2024-05-31,190271,1
784,59,2024-07-02,190271,2
785,59,2024-08-02,190271,3
786,59,2024-09-01,190271,4
787,59,2024-10-01,190271,5
788,59,2024-10-31,190271,6
789,59,2024-11-27,190271,7
790,59,2025-01-02,190271,8
791,59,2025-01-28,190271,9
792,59,2025-02-25,190271,10
793,59,2025-03-31,190271,11
794,60,2024-05-18,108204,1
795,60,2024-06-17,108204,2
796,60,2024-07-15,108204,3
797,60,2024-08-18,108204,4
798,60,2024-09-18,108204,5
799,60,2024-10-19,108204,6
800,60,2024-11-21,108204,7
801,60,2024-12-20,108204,8
802,60,2025-01-21,108204,9
803,60,2025-02-15,108204,10
804,60,2025-03-17,108204,11
805,60,2025-04-18,108204,12
806,60,2025-05-21,108204,13
807,60,2025-06-15,108204,14
808,60,2025-07-18,108204,15
809,60,2025-08-17,108204,16
810,61,2024-08-29,300000,1
811,61,2024-09-29,300000,2
812,61,2024-10-27,300000,3
813,61,2024-11-26,300000,4
814,61,2024-12-30,300000,5
815,61,2025-01-31,300000,6
816,61,2025-03-02,300000,7
817,61,2025-03-26,300000,8
818,61,2025-05-02,300000,9
819,61,2025-06-01,300000,10
820,61,2025-07-02,300000,11
821,61,2025-07-30,300000,12
822,62,2024-01-13,688481,1
823,62,2024-02-11,688481,2
824,62,2024-03-14,688481,3
825,62,2024-04-12,688481,4
826,62,2024-05-10,688481,5
827,62,2024-06-10,688481,6
828,62,2024-07-11,688481,7
829,62,2024-08-15,688481,8
830,62,2024-09-09,688481,9
831,62,2024-10-09,688481,10
832,62,2024-11-15,688481,11
833,62,2024-12-14,688481,12
834,63,2025-05-02,268359,1
835,63,2025-05-31,268359,2
836,63,2025-07-01,268359,3
837,63,2025-08-04,268359,4
838,63,2025-09-04,268359,5
839,63,2025-10-01,268359,6
840,63,2025-11-01,268359,7
841,63,2025-12-01,268359,8
842,63,2026-01-03,268359,9
843,64,2017-08-05,163533,1
844,64,2017-09-03,163533,2
845,64,2017-10-02,163533,3
846,64,2017-11-02,163533,4
847,64,2017-12-05,163533,5
848,64,2018-01-01,163533,6
849,64,2018-02-04,163533,7
850,64,2018-03-06,163533,8
851,64,2018-04-04,163533,9
852,64,2018-05-04,163533,10
853,64,2018-06-03,163533,11
854,64,2018-07-04,163533,12
855,64,2018-08-02,163533,13
856,64,2018-09-03,163533,14
857,64,2018-09-30,163533,15
858,64,2018-11-04,163533,16
859,64,2018-12-04,163533,17
860,64,2018-12-31,163533,18
861,64,2019-02-04,163533,19
862,64,2019-02-28,163533,20
863,64,2019-04-03,163533,21
864,64,2019-05-02,163533,22
865,64,2019-05-31,163533,23
866,64,2019-07-01,163533,24
867,64,2019-07-31,163533,25
868,64,2019-09-04,163533,26
869,64,2019-10-06,163533,27
870,64,2019-11-06,163533,28
871,64,2019-12-03,163533,29
872,64,2020-01-05,163533,30
873,64,2020-02-03,163533,31
874,64,2020-03-05,163533,32
875,64,2020-04-06,163533,33
876,64,2020-05-06,163533,34
877,64,2020-05-31,163533,35
878,64,2020-07-02,163533,36
879,64,2020-08-01,163533,37
880,64,2020-09-03,163533,38
881,64,2020-10-04,163533,39
882,64,2020-11-05,163533,40
883,64,2020-12-04,163533,41
884,64,2021-01-02,163533,42
885,64,2021-02-05,163533,43
886,64,2021-03-03,163533,44
887,65,2020-11-14,332115,1
888,65,2020-12-13,332115,2
889,65,2021-01-09,332115,3
890,65,2021-02-12,332115,4
891,65,2021-03-11,332115,5
892,65,2021-04-12,332115,6
893,65,2021-05-13,332115,7
894,65,2021-06-13,332115,8
895,66,2016-10-31,621169,1
896,66,2016-12-01,621169,2
897,66,2016-12-26,621169,3
898,66,2017-01-26,621169,4
899,66,2017-03-01,621169,5
900,66,2017-03-26,621169,6
901,66,2017-04-26,621169,7
902,66,2017-05-26,621169,8
903,66,2017-06-30,621169,9
904,66,2017-07-28,621169,10
905,66,2017-08-28,621169,11
906,66,2017-10-02,621169,12
907,66,2017-11-01,621169,13
908,66,2017-11-26,621169,14
909,66,2018-01-01,621169,15
910,66,2018-01-30,621169,16
911,66,2018-02-27,621169,17
912,66,2018-03-31,621169,18
913,66,2018-04-28,621169,19
914,66,2018-05-28,621169,20
915,66,2018-06-30,621169,21
916,67,2022-04-28,963677,1
917,67,2022-05-23,963677,2
918,67,2022-06-24,963677,3
919,67,2022-07-23,963677,4
920,67,2022-08-27,963677,5
921,67,2022-09-26,963677,6
922,67,2022-10-28,963677,7
923,67,2022-11-24,963677,8
924,67,2022-12-25,963677,9
925,67,2023-01-25,963677,10
926,67,2023-02-26,963677,11
927,67,2023-03-24,963677,12
928,67,2023-04-23,963677,13
929,67,2023-05-23,963677,14
930,67,2023-06-27,963677,15
931,67,2023-07-27,963677,16
932,67,2023-08-23,963677,17
933,67,2023-09-25,963677,18
934,67,2023-10-28,963677,19
935,67,2023-11-25,963677,20
936,67,2023-12-27,963677,21
937,67,2024-01-26,963677,22
938,67,2024-02-23,963677,23
939,67,2024-03-27,963677,24
940,67,2024-04-27,963677,25
941,67,2024-05-28,963677,26
942,67,2024-06-23,963677,27
943,67,2024-07-28,963677,28
944,67,2024-08-23,963677,29
945,67,2024-09-28,963677,30
946,67,2024-10-25,963677,31
947,67,2024-11-26,963677,32
948,67,2024-12-26,963677,33
949,67,2025-01-23,963677,34
950,67,2025-02-24,963677,35
951,67,2025-03-29,963677,36
952,67,2025-04-27,963677,37
953,67,2025-05-27,963677,38
954,67,2025-06-23,963677,39
955,67,2025-07-28,963677,40
956,67,2025-08-24,963677,41
957,68,2022-05-21,300000,1
958,68,2022-06-16,300000,2
959,68,2022-07-16,300000,3
960,68,2022-08-22,300000,4
961,68,2022-09-19,300000,5
962,68,2022-10-18,300000,6
963,68,2022-11-19,300000,7
964,68,2022-12-21,300000,8
965,68,2023-01-18,300000,9
966,68,2023-02-20,300000,10
967,68,2023-03-17,300000,11
968,68,2023-04-20,300000,12
969,68,2023-05-21,300000,13
970,68,2023-06-18,300000,14
971,68,2023-07-21,300000,15
972,68,2023-08-17,300000,16
973,68,2023-09-16,300000,17
974,68,2023-10-16,300000,18
975,68,2023-11-21,300000,19
976,68,2023-12-19,300000,20
977,68,2024-01-18,300000,21
978,68,2024-02-18,300000,22
979,68,2024-03-16,300000,23
980,68,2024-04-22,300000,24
981,68,2024-05-20,300000,25
982,68,2024-06-22,300000,26
983,68,2024-07-17,300000,27
984,68,2024-08-20,300000,28
985,68,2024-09-20,300000,29
986,68,2024-10-21,300000,30
987,68,2024-11-16,300000,31
988,69,2024-12-01,113520,1
989,69,2024-12-29,113520,2
990,69,2025-02-01,113520,3
991,69,2025-02-27,113520,4
992,69,2025-03-31,113520,5
993,69,2025-05-04,113520,6
994,69,2025-05-29,113520,7
995,69,2025-07-04,113520,8
996,69,2025-07-30,113520,9
997,69,2025-09-04,113520,10
998,69,2025-10-02,113520,11
999,69,2025-10-29,113520,12
1000,69,2025-11-29,113520,13
1001,69,2025-12-30,113520,14
1002,69,2026-01-31,113520,15
1003,69,2026-02-28,113520,16
1004,69,2026-04-02,113520,17
1005,69,2026-04-29,113520,18
1006,69,2026-05-19,113520,19
1007,69,2026-05-19,113520,20
1008,70,2022-05-19,300000,1
1009,70,2022-06-20,300000,2
1010,70,2022-07-16,300000,3
1011,70,2022-08-20,300000,4
1012,70,2022-09-17,300000,5
1013,70,2022-10-22,300000,6
1014,70,2022-11-19,300000,7
1015,70,2022-12-17,300000,8
1016,70,2023-01-20,300000,9
1017,70,2023-02-16,300000,10
1018,70,2023-03-18,300000,11
1019,70,2023-04-21,300000,12
1020,70,2023-05-22,300000,13
1021,70,2023-06-21,300000,14
1022,70,2023-07-20,300000,15
1023,70,2023-08-22,300000,16
1024,70,2023-09-22,300000,17
1025,70,2023-10-16,300000,18
1026,70,2023-11-22,300000,19
1027,70,2023-12-19,300000,20
1028,70,2024-01-17,300000,21
1029,70,2024-02-17,300000,22
1030,70,2024-03-17,300000,23
1031,70,2024-04-19,300000,24
1032,70,2024-05-21,300000,25
1033,70,2024-06-16,300000,26
1034,70,2024-07-22,300000,27
1035,70,2024-08-19,300000,28
1036,70,2024-09-17,300000,29
1037,70,2024-10-20,300000,30
1038,70,2024-11-18,300000,31
1039,70,2024-12-22,300000,32
1040,70,2025-01-19,300000,33
1041,71,2024-11-18,131059,1
1042,72,2026-01-10,300000,1
1043,73,2023-05-19,300000,1
1044,73,2023-06-18,300000,2
1045,73,2023-07-16,300000,3
1046,73,2023-08-21,300000,4
1047,74,2023-11-12,300000,1
1048,74,2023-12-09,300000,2
1049,74,2024-01-08,300000,3
1050,74,2024-02-10,300000,4
1051,74,2024-03-09,300000,5
1052,74,2024-04-11,300000,6
1053,74,2024-05-13,300000,7
1054,74,2024-06-07,300000,8
1055,74,2024-07-11,300000,9
1056,74,2024-08-12,300000,10
1057,74,2024-09-08,300000,11
1058,74,2024-10-12,300000,12
1059,74,2024-11-10,300000,13
1060,74,2024-12-10,300000,14
1061,74,2025-01-08,300000,15
1062,74,2025-02-09,300000,16
1063,74,2025-03-09,300000,17
1064,74,2025-04-10,300000,18
1065,74,2025-05-10,300000,19
1066,74,2025-06-13,300000,20
1067,74,2025-07-07,300000,21
1068,74,2025-08-13,300000,22
1069,74,2025-09-13,300000,23
1070,74,2025-10-09,300000,24
1071,75,2023-05-22,299938,1
1072,75,2023-06-16,299938,2
1073,75,2023-07-22,299938,3
1074,75,2023-08-16,299938,4
1075,75,2023-09-21,299938,5
1076,75,2023-10-19,299938,6
1077,76,2016-09-28,357007,1
1078,76,2016-10-26,357007,2
1079,76,2016-11-29,357007,3
1080,76,2016-12-30,357007,4
1081,76,2017-01-25,357007,5
1082,76,2017-02-28,357007,6
1083,76,2017-03-31,357007,7
1084,76,2017-04-25,357007,8
1085,76,2017-05-29,357007,9
1086,76,2017-06-28,357007,10
1087,76,2017-07-29,357007,11
1088,76,2017-08-27,357007,12
1089,76,2017-09-28,357007,13
1090,76,2017-10-27,357007,14
1091,76,2017-11-25,357007,15
1092,76,2017-12-25,357007,16
1093,76,2018-01-28,357007,17
1094,76,2018-02-28,357007,18
1095,76,2018-03-30,357007,19
1096,76,2018-04-29,357007,20
1097,76,2018-05-30,357007,21
1098,76,2018-06-29,357007,22
1099,77,2025-06-06,252902,1
1100,77,2025-07-06,252902,2
1101,77,2025-08-06,252902,3
1102,77,2025-09-06,252902,4
1103,77,2025-10-05,252902,5
1104,77,2025-11-03,252902,6
1105,78,2016-09-12,49288639,1
1106,79,2021-07-08,40402200,1
1107,80,2019-04-14,25598778,1
1108,81,2017-12-06,6423786,1
1109,82,2025-09-21,35698976,1
1110,83,2019-07-01,51352645,1
1111,84,2018-08-01,4340360,1
1112,85,2024-05-12,34215375,1
1113,86,2016-10-16,48159383,1
1114,87,2023-11-17,28885406,1
1115,88,2018-07-17,33113397,1
1116,89,2024-02-23,44485763,1
1117,90,2022-03-05,116535,1
1118,90,2022-04-05,116535,2
1119,90,2022-05-02,116535,3
1120,90,2022-06-04,116535,4
1121,90,2022-07-05,116535,5
1122,90,2022-08-03,116535,6
1123,90,2022-09-07,116535,7
1124,90,2022-10-06,116535,8
1125,90,2022-11-04,116535,9
1126,90,2022-12-02,116535,10
1127,90,2023-01-04,116535,11
1128,90,2023-02-01,116535,12
1129,90,2023-03-01,116535,13
1130,90,2023-04-05,116535,14
1131,90,2023-05-05,116535,15
1132,90,2023-06-03,116535,16
1133,90,2023-07-07,116535,17
1134,90,2023-08-06,116535,18
1135,90,2023-09-04,116535,19
1136,90,2023-10-01,116535,20
1137,90,2023-11-05,116535,21
1138,90,2023-12-06,116535,22
1139,90,2024-01-04,116535,23
1140,90,2024-02-05,116535,24
1141,90,2024-03-05,116535,25
1142,90,2024-04-01,116535,26
1143,90,2024-05-01,116535,27
1144,90,2024-06-05,116535,28
1145,90,2024-07-02,116535,29
1146,90,2024-08-05,116535,30
1147,91,2019-03-12,300000,1
1148,91,2019-04-09,300000,2
1149,91,2019-05-06,300000,3
1150,91,2019-06-10,300000,4
1151,91,2019-07-07,300000,5
1152,91,2019-08-10,300000,6
1153,91,2019-09-11,300000,7
1154,91,2019-10-08,300000,8
1155,91,2019-11-08,300000,9
1156,91,2019-12-08,300000,10
1157,91,2020-01-10,300000,11
1158,91,2020-02-09,300000,12
1159,91,2020-03-07,300000,13
1160,91,2020-04-08,300000,14
1161,91,2020-05-11,300000,15
1162,91,2020-06-11,300000,16
1163,91,2020-07-08,300000,17
1164,91,2020-08-08,300000,18
1165,91,2020-09-07,300000,19
1166,91,2020-10-08,300000,20
1167,91,2020-11-07,300000,21
1168,91,2020-12-11,300000,22
1169,91,2021-01-08,300000,23
1170,91,2021-02-10,300000,24
1171,91,2021-03-12,300000,25
1172,91,2021-04-10,300000,26
1173,91,2021-05-11,300000,27
1174,91,2021-06-07,300000,28
1175,91,2021-07-10,300000,29
1176,92,2017-10-05,300000,1
1177,92,2017-11-06,300000,2
1178,92,2017-12-08,300000,3
1179,92,2018-01-05,300000,4
1180,92,2018-02-06,300000,5
1181,92,2018-03-02,300000,6
1182,92,2018-04-02,300000,7
1183,92,2018-05-08,300000,8
1184,92,2018-06-05,300000,9
1185,92,2018-07-04,300000,10
1186,92,2018-08-06,300000,11
1187,92,2018-09-03,300000,12
1188,92,2018-10-05,300000,13
1189,92,2018-11-03,300000,14
1190,92,2018-12-05,300000,15
1191,92,2019-01-04,300000,16
1192,92,2019-02-04,300000,17
1193,92,2019-03-08,300000,18
1194,92,2019-04-08,300000,19
1195,92,2019-05-04,300000,20
1196,92,2019-06-07,300000,21
1197,92,2019-07-04,300000,22
1198,92,2019-08-02,300000,23
1199,92,2019-09-02,300000,24
1200,92,2019-10-07,300000,25
1201,92,2019-11-06,300000,26
1202,92,2019-12-03,300000,27
1203,92,2020-01-05,300000,28
1204,92,2020-02-05,300000,29
1205,92,2020-03-07,300000,30
1206,93,2017-10-27,169902,1
1207,93,2017-11-25,169902,2
1208,93,2017-12-29,169902,3
1209,93,2018-01-24,169902,4
1210,93,2018-02-25,169902,5
1211,93,2018-03-26,169902,6
1212,93,2018-04-28,169902,7
1213,93,2018-05-30,169902,8
1214,93,2018-06-28,169902,9
1215,93,2018-07-27,169902,10
1216,93,2018-08-28,169902,11
1217,93,2018-09-24,169902,12
1218,93,2018-10-28,169902,13
1219,93,2018-11-27,169902,14
1220,93,2018-12-29,169902,15
1221,93,2019-01-26,169902,16
1222,93,2019-03-02,169902,17
1223,93,2019-03-26,169902,18
1224,93,2019-04-28,169902,19
1225,93,2019-05-25,169902,20
1226,93,2019-06-26,169902,21
1227,93,2019-07-29,169902,22
1228,93,2019-08-28,169902,23
1229,93,2019-09-30,169902,24
1230,93,2019-10-27,169902,25
1231,93,2019-11-29,169902,26
1232,94,2018-12-06,200000,1
1233,94,2019-01-04,200000,2
1234,94,2019-02-08,200000,3
1235,94,2019-03-04,200000,4
1236,94,2019-04-04,200000,5
1237,94,2019-05-03,200000,6
1238,94,2019-06-03,200000,7
1239,94,2019-07-06,200000,8
1240,94,2019-08-04,200000,9
1241,94,2019-09-03,200000,10
1242,94,2019-10-02,200000,11
1243,94,2019-11-06,200000,12
1244,94,2019-12-07,200000,13
1245,94,2020-01-08,200000,14
1246,94,2020-02-05,200000,15
1247,94,2020-03-06,200000,16
1248,94,2020-04-05,200000,17
1249,94,2020-05-04,200000,18
1250,94,2020-06-08,200000,19
1251,94,2020-07-05,200000,20
1252,94,2020-08-04,200000,21
1253,94,2020-09-02,200000,22
1254,94,2020-10-05,200000,23
1255,94,2020-11-08,200000,24
1256,94,2020-12-06,200000,25
1257,94,2021-01-04,200000,26
1258,94,2021-02-06,200000,27
1259,94,2021-03-08,200000,28
1260,94,2021-04-03,200000,29
1261,94,2021-05-04,200000,30
1262,94,2021-06-05,200000,31
1263,94,2021-07-04,200000,32
1264,94,2021-08-06,200000,33
1265,94,2021-09-02,200000,34
1266,95,2021-05-19,300000,1
1267,96,2021-05-21,300000,1
1268,96,2021-06-18,300000,2
1269,96,2021-07-22,300000,3
1270,96,2021-08-19,300000,4
1271,96,2021-09-20,300000,5
1272,96,2021-10-16,300000,6
1273,96,2021-11-19,300000,7
1274,96,2021-12-16,300000,8
1275,96,2022-01-21,300000,9
1276,96,2022-02-17,300000,10
1277,96,2022-03-19,300000,11
1278,96,2022-04-21,300000,12
1279,96,2022-05-16,300000,13
1280,96,2022-06-18,300000,14
1281,97,2024-02-03,863248,1
1282,97,2024-03-03,863248,2
1283,97,2024-04-03,863248,3
1284,97,2024-05-05,863248,4
1285,97,2024-06-06,863248,5
1286,97,2024-07-06,863248,6
1287,97,2024-08-01,863248,7
1288,97,2024-09-03,863248,8
1289,97,2024-10-05,863248,9
1290,97,2024-11-02,863248,10
1291,97,2024-11-30,863248,11
1292,97,2025-01-05,863248,12
1293,97,2025-02-06,863248,13
1294,97,2025-03-06,863248,14
1295,97,2025-04-02,863248,15
1296,97,2025-05-02,863248,16
1297,97,2025-05-31,863248,17
1298,97,2025-07-02,863248,18
1299,97,2025-08-01,863248,19
1300,97,2025-08-31,863248,20
1301,97,2025-10-02,863248,21
1302,97,2025-11-04,863248,22
1303,97,2025-12-05,863248,23
1304,97,2026-01-02,863248,24
1305,97,2026-02-01,863248,25
1306,97,2026-03-03,863248,26
1307,98,2021-07-13,300000,1
1308,98,2021-08-16,300000,2
1309,99,2023-07-23,215084,1
1310,99,2023-08-22,215084,2
1311,99,2023-09-21,215084,3
1312,99,2023-10-23,215084,4
1313,99,2023-11-23,215084,5
1314,99,2023-12-18,215084,6
1315,99,2024-01-22,215084,7
1316,99,2024-02-21,215084,8
1317,99,2024-03-22,215084,9
1318,99,2024-04-19,215084,10
1319,100,2018-01-30,300000,1
1320,100,2018-02-25,300000,2
1321,100,2018-03-27,300000,3
1322,100,2018-04-27,300000,4
1323,100,2018-05-29,300000,5
1324,100,2018-07-03,300000,6
1325,100,2018-08-01,300000,7
1326,100,2018-08-29,300000,8
1327,100,2018-09-29,300000,9
1328,100,2018-10-31,300000,10
1329,101,2025-11-27,300000,1
1330,101,2025-12-24,300000,2
1331,101,2026-01-27,300000,3
1332,101,2026-02-25,300000,4
1333,101,2026-03-23,300000,5
1334,101,2026-04-27,300000,6
1335,101,2026-05-19,300000,7
1336,102,2025-01-13,4991852,1
1337,103,2025-05-18,22711838,1
1338,104,2025-05-18,6438359,1
1339,105,2025-05-18,27749043,1
1340,106,2023-05-21,38909,1
1341,106,2023-06-17,38909,2
1342,106,2023-07-17,38909,3
1343,106,2023-08-21,38909,4
1344,106,2023-09-20,38909,5
1345,106,2023-10-19,38909,6
1346,106,2023-11-17,38909,7
1347,106,2023-12-16,38909,8
1348,106,2024-01-18,38909,9
1349,106,2024-02-21,38909,10
1350,106,2024-03-16,38909,11
1351,107,2020-08-07,185437,1
1352,107,2020-09-07,185437,2
1353,107,2020-10-06,185437,3
1354,107,2020-11-03,185437,4
1355,107,2020-12-09,185437,5
1356,107,2021-01-03,185437,6
1357,107,2021-02-06,185437,7
1358,107,2021-03-05,185437,8
1359,107,2021-04-04,185437,9
1360,107,2021-05-09,185437,10
1361,107,2021-06-09,185437,11
1362,107,2021-07-03,185437,12
1363,107,2021-08-04,185437,13
1364,107,2021-09-08,185437,14
1365,107,2021-10-08,185437,15
1366,107,2021-11-06,185437,16
1367,107,2021-12-08,185437,17
1368,107,2022-01-09,185437,18
1369,107,2022-02-08,185437,19
1370,107,2022-03-05,185437,20
1371,107,2022-04-05,185437,21
1372,107,2022-05-05,185437,22
1373,107,2022-06-08,185437,23
1374,107,2022-07-06,185437,24
1375,107,2022-08-07,185437,25
1376,107,2022-09-07,185437,26
1377,107,2022-10-04,185437,27
1378,107,2022-11-07,185437,28
1379,107,2022-12-07,185437,29
1380,107,2023-01-05,185437,30
1381,107,2023-02-05,185437,31
1382,107,2023-03-08,185437,32
1383,107,2023-04-04,185437,33
1384,108,2025-01-23,300000,1
1385,108,2025-02-22,300000,2
1386,108,2025-03-21,300000,3
1387,108,2025-04-21,300000,4
1388,108,2025-05-20,300000,5
1389,108,2025-06-26,300000,6
1390,108,2025-07-25,300000,7
1391,108,2025-08-26,300000,8
1392,108,2025-09-22,300000,9
1393,108,2025-10-20,300000,10
1394,108,2025-11-23,300000,11
1395,108,2025-12-20,300000,12
1396,108,2026-01-24,300000,13
1397,108,2026-02-20,300000,14
1398,108,2026-03-26,300000,15
1399,109,2022-04-24,300000,1
1400,109,2022-05-21,300000,2
1401,109,2022-06-26,300000,3
1402,109,2022-07-27,300000,4
1403,109,2022-08-21,300000,5
1404,109,2022-09-27,300000,6
1405,109,2022-10-27,300000,7
1406,109,2022-11-26,300000,8
1407,109,2022-12-22,300000,9
1408,109,2023-01-22,300000,10
1409,109,2023-02-24,300000,11
1410,109,2023-03-26,300000,12
1411,109,2023-04-24,300000,13
1412,109,2023-05-24,300000,14
1413,109,2023-06-22,300000,15
1414,109,2023-07-26,300000,16
1415,109,2023-08-22,300000,17
1416,109,2023-09-24,300000,18
1417,109,2023-10-26,300000,19
1418,109,2023-11-24,300000,20
1419,109,2023-12-25,300000,21
1420,109,2024-01-27,300000,22
1421,109,2024-02-26,300000,23
1422,109,2024-03-26,300000,24
1423,109,2024-04-27,300000,25
1424,109,2024-05-24,300000,26
1425,109,2024-06-25,300000,27
1426,109,2024-07-23,300000,28
1427,109,2024-08-27,300000,29
1428,109,2024-09-22,300000,30
1429,109,2024-10-24,300000,31
1430,110,2021-04-18,300000,1
1431,110,2021-05-21,300000,2
1432,110,2021-06-16,300000,3
1433,110,2021-07-16,300000,4
1434,110,2021-08-18,300000,5
1435,110,2021-09-20,300000,6
1436,110,2021-10-18,300000,7
1437,110,2021-11-16,300000,8
1438,110,2021-12-16,300000,9
1439,110,2022-01-16,300000,10
1440,110,2022-02-19,300000,11
1441,110,2022-03-21,300000,12
1442,110,2022-04-21,300000,13
1443,110,2022-05-18,300000,14
1444,110,2022-06-16,300000,15
1445,110,2022-07-21,300000,16
1446,110,2022-08-17,300000,17
1447,110,2022-09-21,300000,18
1448,110,2022-10-20,300000,19
1449,110,2022-11-20,300000,20
1450,110,2022-12-21,300000,21
1451,110,2023-01-17,300000,22
1452,110,2023-02-20,300000,23
1453,110,2023-03-19,300000,24
1454,110,2023-04-21,300000,25
1455,110,2023-05-19,300000,26
1456,110,2023-06-21,300000,27
1457,110,2023-07-15,300000,28
1458,110,2023-08-15,300000,29
1459,110,2023-09-15,300000,30
1460,110,2023-10-20,300000,31
1461,110,2023-11-19,300000,32
1462,110,2023-12-19,300000,33
1463,110,2024-01-19,300000,34
1464,110,2024-02-17,300000,35
1465,110,2024-03-19,300000,36
1466,111,2018-03-26,300000,1
1467,111,2018-04-25,300000,2
1468,111,2018-05-22,300000,3
1469,111,2018-06-26,300000,4
1470,111,2018-07-25,300000,5
1471,111,2018-08-24,300000,6
1472,111,2018-09-22,300000,7
1473,111,2018-10-22,300000,8
1474,111,2018-11-24,300000,9
1475,111,2018-12-24,300000,10
1476,111,2019-01-22,300000,11
1477,112,2022-07-03,283417,1
1478,112,2022-08-01,283417,2
1479,112,2022-09-06,283417,3
1480,112,2022-10-02,283417,4
1481,112,2022-10-31,283417,5
1482,112,2022-12-03,283417,6
1483,112,2022-12-31,283417,7
1484,112,2023-02-06,283417,8
1485,112,2023-02-28,283417,9
1486,112,2023-04-06,283417,10
1487,112,2023-04-30,283417,11
1488,112,2023-06-01,283417,12
1489,112,2023-07-04,283417,13
1490,112,2023-08-01,283417,14
1491,112,2023-09-01,283417,15
1492,112,2023-10-05,283417,16
1493,112,2023-11-05,283417,17
1494,112,2023-11-30,283417,18
1495,112,2024-01-06,283417,19
1496,112,2024-02-01,283417,20
1497,112,2024-02-29,283417,21
1498,113,2024-05-18,39730746,1
1499,114,2024-05-18,5356955,1
1500,115,2025-01-16,300000,1
1501,115,2025-02-12,300000,2
1502,115,2025-03-13,300000,3
1503,115,2025-04-18,300000,4
1504,115,2025-05-13,300000,5
1505,115,2025-06-16,300000,6
1506,115,2025-07-12,300000,7
1507,115,2025-08-15,300000,8
1508,115,2025-09-14,300000,9
1509,115,2025-10-12,300000,10
1510,115,2025-11-18,300000,11
1511,115,2025-12-13,300000,12
1512,116,2025-07-08,300000,1
1513,116,2025-08-08,300000,2
1514,116,2025-09-08,300000,3
1515,116,2025-10-08,300000,4
1516,116,2025-11-06,300000,5
1517,116,2025-12-11,300000,6
1518,116,2026-01-07,300000,7
1519,116,2026-02-09,300000,8
1520,116,2026-03-07,300000,9
1521,116,2026-04-05,300000,10
1522,116,2026-05-10,300000,11
1523,117,2017-09-10,11568108,1
1524,118,2026-03-07,14160008,1
1525,119,2024-05-18,659348,1
1526,119,2024-06-17,659348,2
1527,119,2024-07-17,659348,3
1528,119,2024-08-18,659348,4
1529,119,2024-09-19,659348,5
1530,119,2024-10-16,659348,6
1531,119,2024-11-15,659348,7
1532,119,2024-12-19,659348,8
1533,119,2025-01-20,659348,9
1534,119,2025-02-21,659348,10
1535,119,2025-03-18,659348,11
1536,119,2025-04-15,659348,12
1537,119,2025-05-17,659348,13
1538,119,2025-06-21,659348,14
1539,119,2025-07-16,659348,15
1540,119,2025-08-20,659348,16
1541,119,2025-09-17,659348,17
1542,119,2025-10-18,659348,18
1543,119,2025-11-15,659348,19
1544,119,2025-12-18,659348,20
1545,119,2026-01-21,659348,21
1546,119,2026-02-15,659348,22
1547,120,2024-05-21,987483,1
1548,120,2024-06-19,987483,2
1549,120,2024-07-19,987483,3
1550,120,2024-08-17,987483,4
1551,120,2024-09-19,987483,5
1552,120,2024-10-19,987483,6
1553,120,2024-11-15,987483,7
1554,120,2024-12-18,987483,8
1555,120,2025-01-17,987483,9
1556,120,2025-02-15,987483,10
1557,120,2025-03-18,987483,11
1558,120,2025-04-21,987483,12
1559,120,2025-05-15,987483,13
1560,120,2025-06-20,987483,14
1561,120,2025-07-15,987483,15
1562,121,2025-05-18,948086,1
1563,121,2025-06-19,948086,2
1564,121,2025-07-19,948086,3
1565,121,2025-08-18,948086,4
1566,121,2025-09-21,948086,5
1567,121,2025-10-16,948086,6
1568,121,2025-11-15,948086,7
1569,121,2025-12-15,948086,8
1570,121,2026-01-20,948086,9
1571,121,2026-02-17,948086,10
1572,121,2026-03-20,948086,11
1573,121,2026-04-20,948086,12
1574,121,2026-05-15,948086,13
1575,122,2023-08-03,732090,1
1576,122,2023-09-03,732090,2
1577,122,2023-09-30,732090,3
1578,122,2023-11-04,732090,4
1579,122,2023-12-04,732090,5
1580,122,2023-12-31,732090,6
1581,123,2019-12-25,6464067,1
1582,124,2025-05-18,681275,1
1583,124,2025-06-21,681275,2
1584,125,2025-05-19,206095,1
1585,125,2025-06-21,206095,2
1586,125,2025-07-19,206095,3
1587,125,2025-08-19,206095,4
1588,126,2025-07-01,3241698,1
1589,127,2021-11-11,300000,1
1590,127,2021-12-11,300000,2
1591,127,2022-01-13,300000,3
1592,127,2022-02-09,300000,4
1593,127,2022-03-10,300000,5
1594,127,2022-04-08,300000,6
1595,127,2022-05-10,300000,7
1596,127,2022-06-14,300000,8
1597,127,2022-07-13,300000,9
1598,127,2022-08-08,300000,10
1599,127,2022-09-11,300000,11
1600,127,2022-10-13,300000,12
1601,127,2022-11-11,300000,13
1602,127,2022-12-12,300000,14
1603,127,2023-01-10,300000,15
1604,127,2023-02-08,300000,16
1605,127,2023-03-11,300000,17
1606,127,2023-04-09,300000,18
1607,127,2023-05-11,300000,19
1608,127,2023-06-09,300000,20
1609,127,2023-07-13,300000,21
1610,127,2023-08-08,300000,22
1611,127,2023-09-11,300000,23
1612,127,2023-10-14,300000,24
1613,127,2023-11-11,300000,25
1614,127,2023-12-14,300000,26
1615,127,2024-01-08,300000,27
1616,127,2024-02-11,300000,28
1617,127,2024-03-09,300000,29
1618,127,2024-04-11,300000,30
1619,127,2024-05-10,300000,31
1620,127,2024-06-13,300000,32
1621,127,2024-07-12,300000,33
1622,127,2024-08-09,300000,34
1623,128,2019-03-04,300000,1
1624,128,2019-04-03,300000,2
1625,128,2019-05-04,300000,3
1626,128,2019-06-06,300000,4
1627,128,2019-07-04,300000,5
1628,128,2019-08-04,300000,6
1629,128,2019-09-05,300000,7
1630,128,2019-10-04,300000,8
1631,128,2019-11-06,300000,9
1632,128,2019-12-06,300000,10
1633,128,2020-01-01,300000,11
1634,128,2020-02-04,300000,12
1635,128,2020-03-05,300000,13
1636,128,2020-04-04,300000,14
1637,128,2020-05-03,300000,15
1638,128,2020-06-03,300000,16
1639,128,2020-07-05,300000,17
1640,128,2020-08-01,300000,18
1641,128,2020-09-01,300000,19
1642,128,2020-10-06,300000,20
1643,128,2020-11-06,300000,21
1644,128,2020-12-02,300000,22
1645,128,2021-01-05,300000,23
1646,128,2021-02-04,300000,24
1647,128,2021-03-07,300000,25
1648,128,2021-04-05,300000,26
1649,128,2021-05-02,300000,27
1650,128,2021-06-06,300000,28
1651,128,2021-07-05,300000,29
1652,128,2021-08-05,300000,30
1653,128,2021-09-06,300000,31
1654,128,2021-10-02,300000,32
1655,129,2023-10-05,200000,1
1656,129,2023-11-03,200000,2
1657,129,2023-12-04,200000,3
1658,129,2024-01-08,200000,4
1659,129,2024-02-05,200000,5
1660,129,2024-03-07,200000,6
1661,129,2024-04-02,200000,7
1662,129,2024-05-02,200000,8
1663,129,2024-06-04,200000,9
1664,129,2024-07-03,200000,10
1665,129,2024-08-05,200000,11
1666,129,2024-09-08,200000,12
1667,129,2024-10-03,200000,13
1668,129,2024-11-02,200000,14
1669,129,2024-12-03,200000,15
1670,129,2025-01-02,200000,16
1671,129,2025-02-03,200000,17
1672,129,2025-03-04,200000,18
1673,129,2025-04-06,200000,19
1674,129,2025-05-04,200000,20
1675,130,2019-03-14,200000,1
1676,130,2019-04-15,200000,2
1677,130,2019-05-16,200000,3
1678,130,2019-06-14,200000,4
1679,130,2019-07-10,200000,5
1680,130,2019-08-10,200000,6
1681,130,2019-09-16,200000,7
1682,130,2019-10-11,200000,8
1683,130,2019-11-16,200000,9
1684,130,2019-12-13,200000,10
1685,130,2020-01-10,200000,11
1686,130,2020-02-15,200000,12
1687,130,2020-03-13,200000,13
1688,130,2020-04-12,200000,14
1689,130,2020-05-14,200000,15
1690,130,2020-06-13,200000,16
1691,130,2020-07-14,200000,17
1692,130,2020-08-16,200000,18
1693,130,2020-09-13,200000,19
1694,130,2020-10-16,200000,20
1695,130,2020-11-12,200000,21
1696,130,2020-12-10,200000,22
1697,130,2021-01-12,200000,23
1698,130,2021-02-10,200000,24
1699,130,2021-03-16,200000,25
1700,130,2021-04-10,200000,26
1701,130,2021-05-14,200000,27
1702,130,2021-06-15,200000,28
1703,130,2021-07-12,200000,29
1704,130,2021-08-13,200000,30
1705,130,2021-09-12,200000,31
1706,130,2021-10-14,200000,32
1707,130,2021-11-10,200000,33
1708,130,2021-12-14,200000,34
1709,130,2022-01-11,200000,35
1710,130,2022-02-11,200000,36
1711,130,2022-03-13,200000,37
1712,130,2022-04-14,200000,38
1713,130,2022-05-16,200000,39
1714,130,2022-06-13,200000,40
1715,130,2022-07-16,200000,41
1716,130,2022-08-13,200000,42
1717,130,2022-09-11,200000,43
1718,130,2022-10-13,200000,44
1719,130,2022-11-11,200000,45
1720,130,2022-12-10,200000,46
1721,131,2026-03-18,200000,1
1722,131,2026-04-17,200000,2
1723,131,2026-05-12,200000,3
1724,132,2024-11-06,22100653,1
1725,133,2024-04-26,12482320,1
1726,134,2023-06-25,9225226,1
1727,135,2025-08-28,32168,1
1728,135,2025-09-26,32168,2
1729,135,2025-10-29,32168,3
1730,135,2025-11-28,32168,4
1731,135,2025-12-28,32168,5
1732,135,2026-01-25,32168,6
1733,135,2026-02-27,32168,7
1734,135,2026-03-30,32168,8
1735,135,2026-04-25,32168,9
1736,135,2026-05-19,32168,10
1737,136,2023-05-21,85002,1
1738,136,2023-06-21,85002,2
1739,136,2023-07-19,85002,3
1740,136,2023-08-16,85002,4
1741,136,2023-09-22,85002,5
1742,136,2023-10-22,85002,6
1743,136,2023-11-16,85002,7
1744,136,2023-12-21,85002,8
1745,136,2024-01-17,85002,9
1746,137,2023-05-20,34560,1
1747,137,2023-06-20,34560,2
1748,137,2023-07-19,34560,3
1749,137,2023-08-22,34560,4
1750,137,2023-09-22,34560,5
1751,137,2023-10-19,34560,6
1752,137,2023-11-18,34560,7
1753,137,2023-12-18,34560,8
1754,137,2024-01-16,34560,9
1755,137,2024-02-16,34560,10
1756,137,2024-03-22,34560,11
1757,138,2023-05-21,127689,1
1758,138,2023-06-21,127689,2
1759,138,2023-07-21,127689,3
1760,138,2023-08-17,127689,4
1761,138,2023-09-21,127689,5
1762,138,2023-10-17,127689,6
1763,138,2023-11-21,127689,7
1764,138,2023-12-20,127689,8
1765,139,2023-05-19,300000,1
1766,139,2023-06-17,300000,2
1767,139,2023-07-22,300000,3
1768,139,2023-08-20,300000,4
1769,139,2023-09-17,300000,5
1770,139,2023-10-20,300000,6
1771,139,2023-11-21,300000,7
1772,139,2023-12-20,300000,8
1773,139,2024-01-21,300000,9
1774,140,2017-04-04,271290,1
1775,140,2017-05-01,271290,2
1776,140,2017-06-04,271290,3
1777,140,2017-07-04,271290,4
1778,140,2017-08-03,271290,5
1779,140,2017-09-02,271290,6
1780,140,2017-10-03,271290,7
1781,140,2017-11-01,271290,8
1782,140,2017-12-02,271290,9
1783,140,2017-12-30,271290,10
1784,140,2018-01-30,271290,11
1785,140,2018-03-01,271290,12
1786,140,2018-04-03,271290,13
1787,140,2018-04-30,271290,14
1788,141,2022-08-22,200000,1
1789,141,2022-09-25,200000,2
1790,141,2022-10-24,200000,3
1791,141,2022-11-19,200000,4
1792,141,2022-12-21,200000,5
1793,141,2023-01-25,200000,6
1794,141,2023-02-19,200000,7
1795,141,2023-03-21,200000,8
1796,141,2023-04-22,200000,9
1797,141,2023-05-20,200000,10
1798,141,2023-06-24,200000,11
1799,141,2023-07-23,200000,12
1800,141,2023-08-24,200000,13
1801,141,2023-09-22,200000,14
1802,141,2023-10-19,200000,15
1803,141,2023-11-23,200000,16
1804,141,2023-12-20,200000,17
1805,141,2024-01-22,200000,18
1806,141,2024-02-23,200000,19
1807,141,2024-03-22,200000,20
1808,141,2024-04-22,200000,21
1809,141,2024-05-20,200000,22
1810,141,2024-06-25,200000,23
1811,141,2024-07-21,200000,24
1812,141,2024-08-23,200000,25
1813,141,2024-09-20,200000,26
1814,141,2024-10-22,200000,27
1815,141,2024-11-20,200000,28
1816,141,2024-12-25,200000,29
1817,141,2025-01-21,200000,30
1818,141,2025-02-24,200000,31
1819,141,2025-03-23,200000,32
1820,142,2022-05-06,200000,1
1821,142,2022-06-05,200000,2
1822,142,2022-07-05,200000,3
1823,142,2022-08-01,200000,4
1824,142,2022-09-01,200000,5
1825,142,2022-10-05,200000,6
1826,142,2022-11-03,200000,7
1827,142,2022-12-03,200000,8
1828,142,2023-01-02,200000,9
1829,142,2023-02-04,200000,10
1830,142,2023-03-02,200000,11
1831,142,2023-04-04,200000,12
1832,142,2023-05-01,200000,13
1833,142,2023-05-31,200000,14
1834,142,2023-07-02,200000,15
1835,142,2023-08-02,200000,16
1836,142,2023-09-04,200000,17
1837,142,2023-10-01,200000,18
1838,142,2023-11-01,200000,19
1839,142,2023-12-06,200000,20
1840,142,2024-01-04,200000,21
1841,142,2024-02-01,200000,22
1842,142,2024-03-05,200000,23
1843,143,2020-08-24,200000,1
1844,143,2020-09-21,200000,2
1845,143,2020-10-21,200000,3
1846,143,2020-11-23,200000,4
1847,143,2020-12-18,200000,5
1848,143,2021-01-21,200000,6
1849,143,2021-02-20,200000,7
1850,143,2021-03-21,200000,8
1851,143,2021-04-20,200000,9
1852,143,2021-05-19,200000,10
1853,143,2021-06-23,200000,11
1854,143,2021-07-18,200000,12
1855,143,2021-08-21,200000,13
1856,143,2021-09-20,200000,14
1857,143,2021-10-22,200000,15
1858,143,2021-11-18,200000,16
1859,143,2021-12-19,200000,17
1860,143,2022-01-20,200000,18
1861,144,2021-05-28,905797,1
1862,144,2021-06-30,905797,2
1863,144,2021-07-26,905797,3
1864,144,2021-08-27,905797,4
1865,144,2021-09-24,905797,5
1866,144,2021-10-27,905797,6
1867,144,2021-11-30,905797,7
1868,144,2021-12-28,905797,8
1869,144,2022-01-28,905797,9
1870,144,2022-03-02,905797,10
1871,144,2022-03-24,905797,11
1872,144,2022-04-26,905797,12
1873,144,2022-05-25,905797,13
1874,144,2022-06-24,905797,14
1875,144,2022-07-25,905797,15
1876,144,2022-08-30,905797,16
1877,144,2022-09-29,905797,17
1878,144,2022-10-25,905797,18
1879,144,2022-11-26,905797,19
1880,144,2022-12-29,905797,20
1881,144,2023-01-25,905797,21
1882,144,2023-03-02,905797,22
1883,144,2023-03-29,905797,23
1884,144,2023-04-30,905797,24
1885,144,2023-05-25,905797,25
1886,144,2023-06-30,905797,26
1887,144,2023-07-26,905797,27
1888,144,2023-08-25,905797,28
1889,144,2023-09-25,905797,29
1890,144,2023-10-25,905797,30
1891,144,2023-11-24,905797,31
1892,144,2023-12-24,905797,32
1893,144,2024-01-24,905797,33
1894,144,2024-02-26,905797,34
1895,144,2024-03-29,905797,35
1896,144,2024-04-30,905797,36
1897,144,2024-05-28,905797,37
1898,144,2024-06-25,905797,38
1899,144,2024-07-30,905797,39
1900,144,2024-08-25,905797,40
1901,144,2024-09-26,905797,41
1902,144,2024-10-25,905797,42
1903,144,2024-11-24,905797,43
1904,144,2024-12-28,905797,44
1905,144,2025-01-27,905797,45
1906,144,2025-02-25,905797,46
1907,145,2024-10-10,500000,1
1908,145,2024-11-11,500000,2
1909,145,2024-12-10,500000,3
1910,145,2025-01-11,500000,4
1911,145,2025-02-10,500000,5
1912,145,2025-03-11,500000,6
1913,145,2025-04-09,500000,7
1914,145,2025-05-08,500000,8
1915,145,2025-06-10,500000,9
1916,145,2025-07-07,500000,10
1917,145,2025-08-08,500000,11
1918,145,2025-09-07,500000,12
1919,145,2025-10-08,500000,13
1920,145,2025-11-08,500000,14
1921,146,2023-08-09,500000,1
1922,146,2023-09-09,500000,2
1923,146,2023-10-09,500000,3
1924,146,2023-11-10,500000,4
1925,146,2023-12-11,500000,5
1926,146,2024-01-08,500000,6
1927,146,2024-02-08,500000,7
1928,146,2024-03-06,500000,8
1929,146,2024-04-12,500000,9
1930,146,2024-05-08,500000,10
1931,146,2024-06-07,500000,11
1932,146,2024-07-11,500000,12
1933,147,2022-11-01,154442,1
1934,147,2022-12-02,154442,2
1935,147,2022-12-31,154442,3
1936,147,2023-02-01,154442,4
1937,147,2023-03-02,154442,5
1938,147,2023-04-02,154442,6
1939,147,2023-04-29,154442,7
1940,147,2023-06-01,154442,8
1941,147,2023-06-28,154442,9
1942,147,2023-08-03,154442,10
1943,147,2023-09-04,154442,11
1944,147,2023-09-30,154442,12
1945,147,2023-10-30,154442,13
1946,147,2023-11-30,154442,14
1947,147,2023-12-29,154442,15
1948,147,2024-01-29,154442,16
1949,147,2024-03-02,154442,17
1950,147,2024-04-04,154442,18
1951,148,2026-04-24,378051,1
1952,149,2018-12-11,222965,1
1953,149,2019-01-09,222965,2
1954,149,2019-02-12,222965,3
1955,149,2019-03-07,222965,4
1956,149,2019-04-09,222965,5
1957,149,2019-05-12,222965,6
1958,149,2019-06-07,222965,7
1959,149,2019-07-09,222965,8
1960,149,2019-08-10,222965,9
1961,149,2019-09-10,222965,10
1962,149,2019-10-06,222965,11
1963,149,2019-11-08,222965,12
1964,149,2019-12-12,222965,13
1965,149,2020-01-11,222965,14
1966,149,2020-02-09,222965,15
1967,149,2020-03-11,222965,16
1968,149,2020-04-06,222965,17
1969,149,2020-05-08,222965,18
1970,149,2020-06-09,222965,19
1971,149,2020-07-07,222965,20
1972,149,2020-08-12,222965,21
1973,149,2020-09-08,222965,22
1974,150,2021-11-18,644259,1
1975,150,2021-12-14,644259,2
1976,150,2022-01-18,644259,3
1977,150,2022-02-17,644259,4
1978,150,2022-03-18,644259,5
1979,150,2022-04-16,644259,6
1980,150,2022-05-16,644259,7
1981,150,2022-06-18,644259,8
1982,150,2022-07-16,644259,9
1983,150,2022-08-17,644259,10
1984,150,2022-09-15,644259,11
1985,150,2022-10-16,644259,12
1986,150,2022-11-16,644259,13
1987,150,2022-12-18,644259,14
1988,150,2023-01-17,644259,15
1989,150,2023-02-20,644259,16
1990,150,2023-03-20,644259,17
1991,150,2023-04-20,644259,18
1992,150,2023-05-20,644259,19
1993,150,2023-06-15,644259,20
1994,150,2023-07-18,644259,21
1995,151,2023-11-15,221213,1
1996,151,2023-12-15,221213,2
1997,151,2024-01-18,221213,3
1998,151,2024-02-13,221213,4
1999,151,2024-03-14,221213,5
2000,151,2024-04-14,221213,6
2001,151,2024-05-12,221213,7
2002,151,2024-06-12,221213,8
2003,151,2024-07-16,221213,9
2004,151,2024-08-13,221213,10
2005,151,2024-09-12,221213,11
2006,151,2024-10-12,221213,12
2007,151,2024-11-17,221213,13
2008,152,2021-01-28,207784,1
2009,152,2021-02-24,207784,2
2010,152,2021-03-28,207784,3
2011,152,2021-04-26,207784,4
2012,152,2021-05-25,207784,5
2013,152,2021-06-23,207784,6
2014,152,2021-07-26,207784,7
2015,152,2021-08-23,207784,8
2016,152,2021-09-25,207784,9
2017,152,2021-10-24,207784,10
2018,152,2021-11-23,207784,11
2019,152,2021-12-22,207784,12
2020,152,2022-01-22,207784,13
2021,152,2022-02-28,207784,14
2022,152,2022-03-26,207784,15
2023,152,2022-04-25,207784,16
2024,152,2022-05-28,207784,17
2025,152,2022-06-26,207784,18
2026,152,2022-07-26,207784,19
2027,152,2022-08-28,207784,20
2028,152,2022-09-27,207784,21
2029,152,2022-10-26,207784,22
2030,152,2022-11-27,207784,23
2031,152,2022-12-22,207784,24
2032,152,2023-01-22,207784,25
2033,152,2023-02-26,207784,26
2034,152,2023-03-22,207784,27
2035,152,2023-04-25,207784,28
2036,152,2023-05-27,207784,29
2037,153,2021-10-31,300000,1
2038,153,2021-11-28,300000,2
2039,153,2021-12-28,300000,3
2040,153,2022-01-28,300000,4
2041,153,2022-03-02,300000,5
2042,153,2022-03-27,300000,6
2043,153,2022-05-01,300000,7
2044,153,2022-05-28,300000,8
2045,153,2022-07-01,300000,9
2046,153,2022-07-25,300000,10
2047,153,2022-08-29,300000,11
2048,154,2018-05-21,300000,1
2049,154,2018-06-17,300000,2
2050,154,2018-07-18,300000,3
2051,154,2018-08-23,300000,4
2052,154,2018-09-23,300000,5
2053,154,2018-10-22,300000,6
2054,154,2018-11-21,300000,7
2055,154,2018-12-21,300000,8
2056,154,2019-01-20,300000,9
2057,154,2019-02-19,300000,10
2058,154,2019-03-19,300000,11
2059,155,2024-05-18,724490,1
2060,155,2024-06-17,724490,2
2061,155,2024-07-16,724490,3
2062,155,2024-08-20,724490,4
2063,155,2024-09-15,724490,5
2064,155,2024-10-15,724490,6
2065,155,2024-11-18,724490,7
2066,155,2024-12-18,724490,8
2067,155,2025-01-21,724490,9
2068,156,2024-05-20,275533,1
2069,156,2024-06-18,275533,2
2070,156,2024-07-21,275533,3
2071,156,2024-08-20,275533,4
2072,156,2024-09-19,275533,5
2073,156,2024-10-20,275533,6
2074,156,2024-11-19,275533,7
2075,156,2024-12-15,275533,8
2076,156,2025-01-17,275533,9
2077,156,2025-02-21,275533,10
2078,156,2025-03-21,275533,11
2079,156,2025-04-16,275533,12
2080,156,2025-05-16,275533,13
2081,156,2025-06-17,275533,14
2082,156,2025-07-16,275533,15
2083,157,2024-05-21,803361,1
2084,157,2024-06-16,803361,2
2085,157,2024-07-16,803361,3
2086,157,2024-08-20,803361,4
2087,157,2024-09-20,803361,5
2088,157,2024-10-19,803361,6
2089,157,2024-11-15,803361,7
2090,157,2024-12-17,803361,8
2091,157,2025-01-17,803361,9
2092,157,2025-02-20,803361,10
2093,157,2025-03-15,803361,11
2094,157,2025-04-20,803361,12
2095,157,2025-05-17,803361,13
2096,158,2019-10-23,24235850,1
2097,159,2019-05-27,47911177,1
2098,160,2024-04-04,300000,1
2099,160,2024-05-01,300000,2
2100,160,2024-06-07,300000,3
2101,160,2024-07-02,300000,4
2102,161,2025-09-20,233733,1
2103,161,2025-10-21,233733,2
2104,161,2025-11-21,233733,3
2105,161,2025-12-22,233733,4
2106,161,2026-01-17,233733,5
2107,161,2026-02-17,233733,6
2108,161,2026-03-23,233733,7
2109,161,2026-04-17,233733,8
2110,161,2026-05-19,233733,9
2111,162,2018-01-19,187656,1
2112,162,2018-02-14,187656,2
2113,162,2018-03-20,187656,3
2114,162,2018-04-20,187656,4
2115,162,2018-05-15,187656,5
2116,162,2018-06-20,187656,6
2117,162,2018-07-18,187656,7
2118,162,2018-08-19,187656,8
2119,162,2018-09-14,187656,9
2120,162,2018-10-14,187656,10
2121,162,2018-11-15,187656,11
2122,162,2018-12-16,187656,12
2123,162,2019-01-14,187656,13
2124,162,2019-02-18,187656,14
2125,162,2019-03-14,187656,15
2126,162,2019-04-18,187656,16
2127,162,2019-05-19,187656,17
2128,162,2019-06-19,187656,18
2129,163,2020-04-04,486755,1
2130,163,2020-05-03,486755,2
2131,163,2020-06-06,486755,3
2132,163,2020-07-02,486755,4
2133,163,2020-08-01,486755,5
2134,163,2020-09-06,486755,6
2135,163,2020-10-02,486755,7
2136,163,2020-11-05,486755,8
2137,163,2020-12-07,486755,9
2138,163,2021-01-04,486755,10
2139,163,2021-02-03,486755,11
2140,163,2021-03-05,486755,12
2141,163,2021-04-03,486755,13
2142,163,2021-05-06,486755,14
2143,163,2021-06-01,486755,15
2144,163,2021-07-01,486755,16
2145,163,2021-08-01,486755,17
2146,163,2021-09-03,486755,18
2147,163,2021-10-05,486755,19
2148,163,2021-11-01,486755,20
2149,163,2021-12-05,486755,21
2150,163,2022-01-03,486755,22
2151,163,2022-02-06,486755,23
2152,163,2022-03-05,486755,24
2153,163,2022-04-06,486755,25
2154,163,2022-05-03,486755,26
2155,163,2022-06-03,486755,27
2156,163,2022-07-04,486755,28
2157,163,2022-08-03,486755,29
2158,163,2022-09-03,486755,30
2159,163,2022-10-02,486755,31
2160,163,2022-11-01,486755,32
2161,163,2022-12-04,486755,33
2162,163,2023-01-07,486755,34
2163,163,2023-02-04,486755,35
2164,163,2023-03-04,486755,36
2165,163,2023-04-07,486755,37
2166,163,2023-05-02,486755,38
2167,163,2023-06-06,486755,39
2168,163,2023-07-03,486755,40
2169,163,2023-08-01,486755,41
2170,163,2023-09-05,486755,42
2171,163,2023-10-07,486755,43
2172,163,2023-11-06,486755,44
2173,163,2023-12-07,486755,45
2174,163,2024-01-03,486755,46
2175,163,2024-02-02,486755,47
2176,163,2024-03-07,486755,48
2177,163,2024-04-03,486755,49
2178,163,2024-05-03,486755,50
2179,163,2024-06-02,486755,51
2180,163,2024-07-04,486755,52
2181,163,2024-08-04,486755,53
2182,163,2024-09-01,486755,54
2183,163,2024-10-01,486755,55
2184,163,2024-11-04,486755,56
2185,163,2024-12-06,486755,57
2186,163,2025-01-05,486755,58
2187,163,2025-02-03,486755,59
2188,163,2025-03-05,486755,60
2189,163,2025-04-03,486755,61
2190,163,2025-05-04,486755,62
2191,163,2025-06-01,486755,63
2192,163,2025-07-06,486755,64
2193,163,2025-08-01,486755,65
2194,163,2025-09-05,486755,66
2195,164,2023-05-17,884091,1
2196,164,2023-06-18,884091,2
2197,164,2023-07-16,884091,3
2198,164,2023-08-14,884091,4
2199,164,2023-09-20,884091,5
2200,164,2023-10-14,884091,6
2201,164,2023-11-17,884091,7
2202,164,2023-12-20,884091,8
2203,164,2024-01-18,884091,9
2204,164,2024-02-20,884091,10
2205,164,2024-03-14,884091,11
2206,164,2024-04-14,884091,12
2207,164,2024-05-16,884091,13
2208,164,2024-06-15,884091,14
2209,164,2024-07-20,884091,15
2210,164,2024-08-17,884091,16
2211,164,2024-09-17,884091,17
2212,164,2024-10-15,884091,18
2213,164,2024-11-14,884091,19
2214,164,2024-12-16,884091,20
2215,165,2023-07-04,300000,1
2216,165,2023-08-03,300000,2
2217,165,2023-09-03,300000,3
2218,165,2023-10-03,300000,4
2219,165,2023-11-04,300000,5
2220,165,2023-12-06,300000,6
2221,165,2024-01-03,300000,7
2222,165,2024-02-05,300000,8
2223,165,2024-03-04,300000,9
2224,165,2024-04-03,300000,10
2225,165,2024-05-05,300000,11
2226,165,2024-06-06,300000,12
2227,165,2024-07-02,300000,13
2228,165,2024-08-06,300000,14
2229,165,2024-09-03,300000,15
2230,165,2024-10-04,300000,16
2231,165,2024-11-01,300000,17
2232,165,2024-12-03,300000,18
2233,165,2025-01-01,300000,19
2234,165,2025-02-05,300000,20
2235,165,2025-03-02,300000,21
2236,165,2025-03-31,300000,22
2237,165,2025-05-06,300000,23
2238,165,2025-06-02,300000,24
2239,165,2025-07-03,300000,25
2240,165,2025-08-01,300000,26
2241,165,2025-09-06,300000,27
2242,165,2025-10-01,300000,28
2243,165,2025-11-04,300000,29
2244,165,2025-12-01,300000,30
2245,165,2026-01-04,300000,31
2246,165,2026-02-05,300000,32
2247,165,2026-03-06,300000,33
2248,166,2019-05-20,130692,1
2249,166,2019-06-20,130692,2
2250,166,2019-07-21,130692,3
2251,166,2019-08-20,130692,4
2252,166,2019-09-17,130692,5
2253,166,2019-10-22,130692,6
2254,166,2019-11-22,130692,7
2255,166,2019-12-20,130692,8
2256,166,2020-01-19,130692,9
2257,166,2020-02-23,130692,10
2258,166,2020-03-23,130692,11
2259,166,2020-04-20,130692,12
2260,166,2020-05-18,130692,13
2261,166,2020-06-18,130692,14
2262,166,2020-07-23,130692,15
2263,166,2020-08-23,130692,16
2264,166,2020-09-22,130692,17
2265,166,2020-10-19,130692,18
2266,166,2020-11-17,130692,19
2267,166,2020-12-18,130692,20
2268,166,2021-01-23,130692,21
2269,166,2021-02-22,130692,22
2270,166,2021-03-21,130692,23
2271,166,2021-04-22,130692,24
2272,166,2021-05-18,130692,25
2273,166,2021-06-18,130692,26
2274,166,2021-07-22,130692,27
2275,166,2021-08-17,130692,28
2276,166,2021-09-20,130692,29
2277,166,2021-10-18,130692,30
2278,166,2021-11-22,130692,31
2279,166,2021-12-23,130692,32
2280,166,2022-01-22,130692,33
2281,166,2022-02-19,130692,34
2282,166,2022-03-20,130692,35
2283,167,2025-05-20,72853,1
2284,168,2025-05-18,17189,1
2285,168,2025-06-20,17189,2
2286,168,2025-07-19,17189,3
2287,168,2025-08-20,17189,4
2288,168,2025-09-17,17189,5
2289,169,2018-05-30,200000,1
2290,169,2018-06-29,200000,2
2291,169,2018-07-28,200000,3
2292,169,2018-08-29,200000,4
2293,169,2018-09-26,200000,5
2294,169,2018-10-31,200000,6
2295,169,2018-11-26,200000,7
2296,169,2018-12-25,200000,8
2297,169,2019-01-25,200000,9
2298,169,2019-02-26,200000,10
2299,169,2019-03-30,200000,11
2300,169,2019-04-29,200000,12
2301,169,2019-05-26,200000,13
2302,169,2019-06-25,200000,14
2303,169,2019-07-26,200000,15
2304,169,2019-08-30,200000,16
2305,169,2019-09-26,200000,17
2306,169,2019-10-29,200000,18
2307,169,2019-11-28,200000,19
2308,169,2019-12-30,200000,20
2309,169,2020-01-25,200000,21
2310,169,2020-02-29,200000,22
2311,170,2018-11-17,200000,1
2312,170,2018-12-16,200000,2
2313,170,2019-01-19,200000,3
2314,170,2019-02-18,200000,4
2315,170,2019-03-16,200000,5
2316,170,2019-04-15,200000,6
2317,170,2019-05-19,200000,7
2318,170,2019-06-20,200000,8
2319,170,2019-07-20,200000,9
2320,170,2019-08-17,200000,10
2321,170,2019-09-14,200000,11
2322,170,2019-10-18,200000,12
2323,170,2019-11-17,200000,13
2324,170,2019-12-19,200000,14
2325,170,2020-01-20,200000,15
2326,170,2020-02-20,200000,16
2327,170,2020-03-20,200000,17
2328,171,2025-11-20,300000,1
2329,171,2025-12-21,300000,2
2330,171,2026-01-23,300000,3
2331,171,2026-02-22,300000,4
2332,171,2026-03-20,300000,5
2333,171,2026-04-19,300000,6
2334,171,2026-05-17,300000,7
2335,172,2026-03-08,300000,1
2336,172,2026-04-06,300000,2
2337,172,2026-05-08,300000,3
2338,172,2026-05-19,300000,4
2339,172,2026-05-19,300000,5
2340,172,2026-05-19,300000,6
2341,172,2026-05-19,300000,7
2342,172,2026-05-19,300000,8
2343,172,2026-05-19,300000,9
2344,173,2017-12-25,248700,1
2345,173,2018-01-25,248700,2
2346,173,2018-02-22,248700,3
2347,173,2018-03-22,248700,4
2348,173,2018-04-24,248700,5
2349,173,2018-05-22,248700,6
2350,173,2018-06-25,248700,7
2351,173,2018-07-28,248700,8
2352,173,2018-08-24,248700,9
2353,173,2018-09-24,248700,10
2354,173,2018-10-23,248700,11
2355,173,2018-11-23,248700,12
2356,174,2017-07-22,51795369,1
2357,175,2019-06-19,7198556,1
2358,176,2023-02-21,326644,1
2359,176,2023-03-21,326644,2
2360,176,2023-04-20,326644,3
2361,176,2023-05-21,326644,4
2362,176,2023-06-20,326644,5
2363,176,2023-07-24,326644,6
2364,176,2023-08-19,326644,7
2365,176,2023-09-23,326644,8
2366,176,2023-10-22,326644,9
2367,176,2023-11-19,326644,10
2368,176,2023-12-23,326644,11
2369,176,2024-01-20,326644,12
2370,177,2017-02-09,204638,1
2371,177,2017-03-03,204638,2
2372,177,2017-04-03,204638,3
2373,177,2017-05-06,204638,4
2374,177,2017-06-05,204638,5
2375,177,2017-07-03,204638,6
2376,177,2017-08-04,204638,7
2377,177,2017-09-06,204638,8
2378,177,2017-10-03,204638,9
2379,177,2017-11-07,204638,10
2380,177,2017-12-08,204638,11
2381,177,2018-01-04,204638,12
2382,177,2018-02-08,204638,13
2383,177,2018-03-08,204638,14
2384,177,2018-04-03,204638,15
2385,177,2018-05-04,204638,16
2386,177,2018-06-04,204638,17
2387,177,2018-07-05,204638,18
2388,177,2018-08-08,204638,19
2389,177,2018-09-04,204638,20
2390,177,2018-10-05,204638,21
2391,177,2018-11-06,204638,22
2392,177,2018-12-05,204638,23
2393,177,2019-01-07,204638,24
2394,177,2019-02-09,204638,25
2395,177,2019-03-03,204638,26
2396,177,2019-04-06,204638,27
2397,177,2019-05-09,204638,28
2398,177,2019-06-09,204638,29
2399,177,2019-07-06,204638,30
2400,177,2019-08-07,204638,31
2401,178,2019-04-12,224614,1
2402,178,2019-05-12,224614,2
2403,178,2019-06-11,224614,3
2404,178,2019-07-12,224614,4
2405,178,2019-08-10,224614,5
2406,178,2019-09-13,224614,6
2407,178,2019-10-12,224614,7
2408,178,2019-11-09,224614,8
2409,178,2019-12-11,224614,9
2410,178,2020-01-10,224614,10
2411,178,2020-02-09,224614,11
2412,178,2020-03-10,224614,12
2413,178,2020-04-13,224614,13
2414,178,2020-05-15,224614,14
2415,178,2020-06-11,224614,15
2416,178,2020-07-14,224614,16
2417,178,2020-08-11,224614,17
2418,178,2020-09-13,224614,18
2419,178,2020-10-11,224614,19
2420,178,2020-11-14,224614,20
2421,178,2020-12-12,224614,21
2422,178,2021-01-10,224614,22
2423,178,2021-02-14,224614,23
2424,178,2021-03-09,224614,24
2425,178,2021-04-13,224614,25
2426,178,2021-05-12,224614,26
2427,178,2021-06-09,224614,27
2428,178,2021-07-09,224614,28
2429,178,2021-08-13,224614,29
2430,179,2025-12-06,467296,1
2431,179,2026-01-02,467296,2
2432,179,2026-02-01,467296,3
2433,179,2026-02-28,467296,4
2434,179,2026-03-31,467296,5
2435,179,2026-05-05,467296,6
2436,180,2024-02-17,117775,1
2437,180,2024-03-20,117775,2
2438,180,2024-04-16,117775,3
2439,180,2024-05-19,117775,4
2440,180,2024-06-16,117775,5
2441,180,2024-07-19,117775,6
2442,180,2024-08-15,117775,7
2443,180,2024-09-14,117775,8
2444,180,2024-10-14,117775,9
2445,180,2024-11-18,117775,10
2446,180,2024-12-19,117775,11
2447,180,2025-01-16,117775,12
2448,180,2025-02-14,117775,13
2449,180,2025-03-20,117775,14
2450,180,2025-04-14,117775,15
2451,180,2025-05-17,117775,16
2452,180,2025-06-17,117775,17
2453,181,2018-04-11,131567,1
2454,181,2018-05-10,131567,2
2455,181,2018-06-09,131567,3
2456,181,2018-07-10,131567,4
2457,181,2018-08-11,131567,5
2458,181,2018-09-08,131567,6
2459,181,2018-10-10,131567,7
2460,181,2018-11-08,131567,8
2461,181,2018-12-08,131567,9
2462,181,2019-01-09,131567,10
2463,181,2019-02-09,131567,11
2464,181,2019-03-11,131567,12
2465,181,2019-04-12,131567,13
2466,181,2019-05-14,131567,14
2467,181,2019-06-08,131567,15
2468,181,2019-07-12,131567,16
2469,181,2019-08-14,131567,17
2470,181,2019-09-14,131567,18
2471,181,2019-10-11,131567,19
2472,181,2019-11-14,131567,20
2473,181,2019-12-14,131567,21
2474,181,2020-01-08,131567,22
2475,181,2020-02-08,131567,23
2476,181,2020-03-13,131567,24
2477,181,2020-04-12,131567,25
2478,181,2020-05-10,131567,26
2479,181,2020-06-09,131567,27
2480,181,2020-07-10,131567,28
2481,181,2020-08-12,131567,29
2482,181,2020-09-09,131567,30
2483,181,2020-10-10,131567,31
2484,181,2020-11-13,131567,32
2485,181,2020-12-09,131567,33
2486,181,2021-01-08,131567,34
2487,181,2021-02-10,131567,35
2488,181,2021-03-09,131567,36
2489,181,2021-04-13,131567,37
2490,181,2021-05-14,131567,38
2491,181,2021-06-09,131567,39
2492,181,2021-07-09,131567,40
2493,181,2021-08-13,131567,41
2494,181,2021-09-14,131567,42
2495,181,2021-10-10,131567,43
2496,181,2021-11-11,131567,44
2497,181,2021-12-10,131567,45
2498,181,2022-01-14,131567,46
2499,181,2022-02-12,131567,47
2500,181,2022-03-13,131567,48
2501,181,2022-04-10,131567,49
2502,181,2022-05-09,131567,50
2503,182,2020-05-19,105501,1
2504,182,2020-06-21,105501,2
2505,182,2020-07-17,105501,3
2506,182,2020-08-19,105501,4
2507,182,2020-09-17,105501,5
2508,182,2020-10-19,105501,6
2509,182,2020-11-18,105501,7
2510,182,2020-12-20,105501,8
2511,182,2021-01-22,105501,9
2512,182,2021-02-19,105501,10
2513,182,2021-03-17,105501,11
2514,182,2021-04-17,105501,12
2515,183,2021-12-05,300000,1
2516,183,2022-01-04,300000,2
2517,183,2022-01-31,300000,3
2518,183,2022-03-01,300000,4
2519,183,2022-04-02,300000,5
2520,183,2022-05-04,300000,6
2521,183,2022-06-01,300000,7
2522,183,2022-07-04,300000,8
2523,183,2022-08-01,300000,9
2524,183,2022-09-02,300000,10
2525,184,2019-05-22,405081,1
2526,184,2019-06-19,405081,2
2527,184,2019-07-18,405081,3
2528,184,2019-08-17,405081,4
2529,184,2019-09-21,405081,5
2530,184,2019-10-20,405081,6
2531,184,2019-11-22,405081,7
2532,184,2019-12-23,405081,8
2533,184,2020-01-21,405081,9
2534,184,2020-02-19,405081,10
2535,184,2020-03-22,405081,11
2536,184,2020-04-20,405081,12
2537,184,2020-05-20,405081,13
2538,185,2020-05-19,6790282,1
2539,186,2026-02-02,7575118,1
2540,187,2024-02-07,300000,1
2541,187,2024-03-08,300000,2
2542,187,2024-04-04,300000,3
2543,187,2024-05-05,300000,4
2544,187,2024-06-05,300000,5
2545,187,2024-07-04,300000,6
2546,187,2024-08-10,300000,7
2547,187,2024-09-05,300000,8
2548,187,2024-10-09,300000,9
2549,188,2022-05-19,264422,1
2550,188,2022-06-22,264422,2
2551,188,2022-07-18,264422,3
2552,188,2022-08-21,264422,4
2553,188,2022-09-21,264422,5
2554,188,2022-10-17,264422,6
2555,188,2022-11-16,264422,7
2556,188,2022-12-16,264422,8
2557,188,2023-01-21,264422,9
2558,188,2023-02-21,264422,10
2559,188,2023-03-20,264422,11
2560,188,2023-04-20,264422,12
2561,188,2023-05-20,264422,13
2562,188,2023-06-16,264422,14
2563,188,2023-07-17,264422,15
2564,188,2023-08-19,264422,16
2565,188,2023-09-20,264422,17
2566,188,2023-10-17,264422,18
2567,188,2023-11-22,264422,19
2568,188,2023-12-18,264422,20
2569,188,2024-01-20,264422,21
2570,188,2024-02-22,264422,22
2571,188,2024-03-19,264422,23
2572,188,2024-04-18,264422,24
2573,188,2024-05-18,264422,25
2574,188,2024-06-19,264422,26
2575,188,2024-07-20,264422,27
2576,188,2024-08-16,264422,28
2577,188,2024-09-19,264422,29
2578,188,2024-10-19,264422,30
2579,188,2024-11-19,264422,31
2580,188,2024-12-18,264422,32
2581,188,2025-01-17,264422,33
2582,188,2025-02-22,264422,34
2583,188,2025-03-16,264422,35
2584,189,2024-03-14,300000,1
2585,189,2024-04-16,300000,2
2586,189,2024-05-11,300000,3
2587,189,2024-06-13,300000,4
2588,189,2024-07-10,300000,5
2589,189,2024-08-14,300000,6
2590,189,2024-09-16,300000,7
2591,190,2023-03-21,100000,1
2592,190,2023-04-19,100000,2
2593,190,2023-05-18,100000,3
2594,190,2023-06-20,100000,4
2595,190,2023-07-16,100000,5
2596,190,2023-08-15,100000,6
2597,190,2023-09-16,100000,7
2598,190,2023-10-16,100000,8
2599,190,2023-11-21,100000,9
2600,190,2023-12-15,100000,10
2601,190,2024-01-15,100000,11
2602,190,2024-02-19,100000,12
2603,190,2024-03-19,100000,13
2604,190,2024-04-15,100000,14
2605,190,2024-05-20,100000,15
2606,190,2024-06-17,100000,16
2607,190,2024-07-19,100000,17
2608,190,2024-08-17,100000,18
2609,190,2024-09-21,100000,19
2610,190,2024-10-20,100000,20
2611,190,2024-11-15,100000,21
2612,190,2024-12-20,100000,22
2613,190,2025-01-19,100000,23
2614,190,2025-02-16,100000,24
2615,190,2025-03-21,100000,25
2616,190,2025-04-15,100000,26
2617,190,2025-05-18,100000,27
2618,190,2025-06-21,100000,28
2619,190,2025-07-17,100000,29
2620,190,2025-08-20,100000,30
2621,190,2025-09-15,100000,31
2622,190,2025-10-21,100000,32
2623,190,2025-11-20,100000,33
2624,190,2025-12-15,100000,34
2625,191,2022-07-30,604697,1
2626,191,2022-08-27,604697,2
2627,191,2022-09-26,604697,3
2628,191,2022-10-27,604697,4
2629,191,2022-11-25,604697,5
2630,191,2022-12-24,604697,6
2631,191,2023-01-25,604697,7
2632,191,2023-02-27,604697,8
2633,191,2023-03-26,604697,9
2634,191,2023-04-29,604697,10
2635,192,2023-11-26,502608,1
2636,192,2023-12-24,502608,2
2637,192,2024-01-26,502608,3
2638,192,2024-02-24,502608,4
2639,192,2024-03-25,502608,5
2640,192,2024-04-23,502608,6
2641,192,2024-05-26,502608,7
2642,192,2024-06-26,502608,8
2643,192,2024-07-24,502608,9
2644,192,2024-08-20,502608,10
2645,192,2024-09-26,502608,11
2646,192,2024-10-24,502608,12
2647,192,2024-11-21,502608,13
2648,192,2024-12-24,502608,14
2649,192,2025-01-25,502608,15
2650,192,2025-02-23,502608,16
2651,192,2025-03-21,502608,17
2652,192,2025-04-25,502608,18
2653,192,2025-05-25,502608,19
2654,192,2025-06-25,502608,20
2655,192,2025-07-20,502608,21
2656,192,2025-08-25,502608,22
2657,192,2025-09-20,502608,23
2658,192,2025-10-25,502608,24
2659,192,2025-11-22,502608,25
2660,192,2025-12-21,502608,26
2661,192,2026-01-22,502608,27
2662,192,2026-02-25,502608,28
2663,192,2026-03-21,502608,29
2664,193,2017-03-28,48129646,1
2665,194,2018-04-24,23249058,1
2666,195,2018-01-10,411017,1
2667,195,2018-02-09,411017,2
2668,195,2018-03-07,411017,3
2669,195,2018-04-06,411017,4
2670,195,2018-05-08,411017,5
2671,195,2018-06-04,411017,6
2672,196,2020-04-02,494715,1
2673,196,2020-05-03,494715,2
2674,196,2020-06-01,494715,3
2675,196,2020-07-03,494715,4
2676,196,2020-07-29,494715,5
2677,197,2023-11-18,179958,1
2678,197,2023-12-21,179958,2
2679,197,2024-01-19,179958,3
2680,197,2024-02-15,179958,4
2681,197,2024-03-15,179958,5
2682,197,2024-04-20,179958,6
2683,197,2024-05-15,179958,7
2684,197,2024-06-17,179958,8
2685,197,2024-07-15,179958,9
2686,197,2024-08-17,179958,10
2687,197,2024-09-19,179958,11
2688,197,2024-10-17,179958,12
2689,197,2024-11-21,179958,13
2690,197,2024-12-19,179958,14
2691,197,2025-01-19,179958,15
2692,197,2025-02-17,179958,16
2693,197,2025-03-16,179958,17
2694,197,2025-04-18,179958,18
2695,197,2025-05-15,179958,19
2696,197,2025-06-20,179958,20
2697,197,2025-07-18,179958,21
2698,197,2025-08-15,179958,22
2699,198,2024-12-03,64265,1
2700,198,2024-12-31,64265,2
2701,198,2025-01-27,64265,3
2702,198,2025-03-01,64265,4
2703,198,2025-03-31,64265,5
2704,198,2025-05-01,64265,6
2705,198,2025-06-02,64265,7
2706,198,2025-06-28,64265,8
2707,198,2025-07-27,64265,9
2708,198,2025-09-02,64265,10
2709,198,2025-10-01,64265,11
2710,198,2025-10-31,64265,12
2711,198,2025-11-28,64265,13
2712,198,2025-12-27,64265,14
2713,198,2026-01-29,64265,15
2714,198,2026-03-03,64265,16
2715,199,2018-06-03,461332,1
2716,199,2018-06-28,461332,2
2717,199,2018-07-31,461332,3
2718,199,2018-08-31,461332,4
2719,199,2018-09-29,461332,5
2720,199,2018-11-04,461332,6
2721,199,2018-11-29,461332,7
2722,199,2018-12-29,461332,8
2723,199,2019-02-02,461332,9
2724,199,2019-02-27,461332,10
2725,199,2019-03-30,461332,11
2726,199,2019-04-30,461332,12
2727,199,2019-06-02,461332,13
2728,199,2019-07-03,461332,14
2729,199,2019-07-29,461332,15
2730,199,2019-08-30,461332,16
2731,200,2025-11-15,690093,1
2732,200,2025-12-16,690093,2
2733,200,2026-01-17,690093,3
2734,201,2021-05-28,379032,1
2735,201,2021-06-24,379032,2
2736,201,2021-07-29,379032,3
2737,201,2021-08-24,379032,4
2738,201,2021-09-26,379032,5
2739,201,2021-10-27,379032,6
2740,201,2021-11-26,379032,7
2741,201,2021-12-29,379032,8
2742,201,2022-01-24,379032,9
2743,201,2022-03-02,379032,10
2744,201,2022-03-29,379032,11
2745,201,2022-04-28,379032,12
2746,201,2022-05-26,379032,13
2747,201,2022-06-26,379032,14
2748,201,2022-07-25,379032,15
2749,201,2022-08-24,379032,16
2750,201,2022-09-28,379032,17
2751,201,2022-10-30,379032,18
2752,202,2019-07-29,273652,1
2753,202,2019-08-31,273652,2
2754,202,2019-10-01,273652,3
2755,202,2019-10-29,273652,4
2756,202,2019-12-02,273652,5
2757,202,2019-12-26,273652,6
2758,202,2020-01-29,273652,7
2759,202,2020-03-03,273652,8
2760,202,2020-03-29,273652,9
2761,202,2020-04-29,273652,10
2762,202,2020-05-26,273652,11
2763,202,2020-06-26,273652,12
2764,203,2026-03-03,265907,1
2765,203,2026-04-01,265907,2
2766,204,2023-12-09,11304071,1
2767,205,2025-06-30,27979509,1
2768,206,2021-05-19,13074466,1
2769,207,2022-10-17,155199,1
2770,207,2022-11-18,155199,2
2771,207,2022-12-18,155199,3
2772,207,2023-01-19,155199,4
2773,207,2023-02-20,155199,5
2774,207,2023-03-17,155199,6
2775,207,2023-04-18,155199,7
2776,207,2023-05-16,155199,8
2777,207,2023-06-15,155199,9
2778,207,2023-07-18,155199,10
2779,207,2023-08-16,155199,11
2780,207,2023-09-16,155199,12
2781,207,2023-10-16,155199,13
2782,207,2023-11-19,155199,14
2783,207,2023-12-19,155199,15
2784,207,2024-01-16,155199,16
2785,207,2024-02-20,155199,17
2786,207,2024-03-19,155199,18
2787,208,2023-02-21,918237,1
2788,208,2023-03-22,918237,2
2789,208,2023-04-22,918237,3
2790,208,2023-05-23,918237,4
2791,208,2023-06-24,918237,5
2792,208,2023-07-19,918237,6
2793,208,2023-08-21,918237,7
2794,208,2023-09-18,918237,8
2795,208,2023-10-20,918237,9
2796,208,2023-11-22,918237,10
2797,208,2023-12-20,918237,11
2798,208,2024-01-21,918237,12
2799,208,2024-02-22,918237,13
2800,208,2024-03-20,918237,14
2801,208,2024-04-24,918237,15
2802,208,2024-05-21,918237,16
2803,208,2024-06-18,918237,17
2804,208,2024-07-24,918237,18
2805,208,2024-08-21,918237,19
2806,208,2024-09-23,918237,20
2807,208,2024-10-22,918237,21
2808,209,2016-11-24,233823,1
2809,209,2016-12-24,233823,2
2810,209,2017-01-24,233823,3
2811,209,2017-02-23,233823,4
2812,209,2017-03-22,233823,5
2813,209,2017-04-27,233823,6
2814,209,2017-05-23,233823,7
2815,209,2017-06-23,233823,8
2816,209,2017-07-26,233823,9
2817,209,2017-08-23,233823,10
2818,209,2017-09-22,233823,11
2819,209,2017-10-26,233823,12
2820,209,2017-11-21,233823,13
2821,209,2017-12-21,233823,14
2822,209,2018-01-24,233823,15
2823,209,2018-02-27,233823,16
2824,209,2018-03-24,233823,17
2825,209,2018-04-22,233823,18
2826,209,2018-05-25,233823,19
2827,209,2018-06-27,233823,20
2828,209,2018-07-21,233823,21
2829,209,2018-08-24,233823,22
2830,209,2018-09-21,233823,23
2831,210,2019-09-06,199749,1
2832,210,2019-10-09,199749,2
2833,210,2019-11-09,199749,3
2834,210,2019-12-05,199749,4
2835,210,2020-01-07,199749,5
2836,210,2020-02-04,199749,6
2837,210,2020-03-06,199749,7
2838,210,2020-04-04,199749,8
2839,210,2020-05-07,199749,9
2840,210,2020-06-07,199749,10
2841,210,2020-07-08,199749,11
2842,211,2024-05-20,104965,1
2843,211,2024-06-20,104965,2
2844,211,2024-07-18,104965,3
2845,211,2024-08-16,104965,4
2846,211,2024-09-18,104965,5
2847,211,2024-10-17,104965,6
2848,211,2024-11-21,104965,7
2849,211,2024-12-15,104965,8
2850,211,2025-01-16,104965,9
2851,211,2025-02-16,104965,10
2852,211,2025-03-16,104965,11
2853,212,2024-07-12,185296,1
2854,212,2024-08-12,185296,2
2855,212,2024-09-10,185296,3
2856,212,2024-10-13,185296,4
2857,212,2024-11-13,185296,5
2858,212,2024-12-11,185296,6
2859,212,2025-01-14,185296,7
2860,212,2025-02-11,185296,8
2861,212,2025-03-09,185296,9
2862,212,2025-04-13,185296,10
2863,212,2025-05-11,185296,11
2864,213,2024-08-18,50300940,1
2865,214,2023-05-21,159122,1
2866,214,2023-06-20,159122,2
2867,214,2023-07-16,159122,3
2868,215,2023-05-19,300000,1
2869,215,2023-06-17,300000,2
2870,215,2023-07-22,300000,3
2871,215,2023-08-17,300000,4
2872,215,2023-09-21,300000,5
2873,215,2023-10-16,300000,6
2874,215,2023-11-21,300000,7
2875,215,2023-12-21,300000,8
2876,215,2024-01-16,300000,9
2877,215,2024-02-22,300000,10
2878,215,2024-03-18,300000,11
2879,215,2024-04-21,300000,12
2880,216,2022-05-20,79146,1
2881,216,2022-06-19,79146,2
2882,216,2022-07-20,79146,3
2883,216,2022-08-17,79146,4
2884,216,2022-09-21,79146,5
2885,216,2022-10-20,79146,6
2886,216,2022-11-18,79146,7
2887,216,2022-12-19,79146,8
2888,216,2023-01-22,79146,9
2889,216,2023-02-21,79146,10
2890,216,2023-03-17,79146,11
2891,216,2023-04-22,79146,12
2892,216,2023-05-20,79146,13
2893,216,2023-06-22,79146,14
2894,216,2023-07-22,79146,15
2895,216,2023-08-19,79146,16
2896,216,2023-09-22,79146,17
2897,216,2023-10-22,79146,18
2898,216,2023-11-21,79146,19
2899,216,2023-12-19,79146,20
2900,216,2024-01-17,79146,21
2901,216,2024-02-20,79146,22
2902,216,2024-03-19,79146,23
2903,216,2024-04-19,79146,24
2904,216,2024-05-16,79146,25
2905,216,2024-06-19,79146,26
2906,216,2024-07-16,79146,27
2907,216,2024-08-20,79146,28
2908,216,2024-09-22,79146,29
2909,216,2024-10-21,79146,30
2910,217,2018-05-20,500000,1
2911,217,2018-06-19,500000,2
2912,217,2018-07-21,500000,3
2913,217,2018-08-23,500000,4
2914,217,2018-09-19,500000,5
2915,217,2018-10-21,500000,6
2916,217,2018-11-18,500000,7
2917,217,2018-12-19,500000,8
2918,217,2019-01-21,500000,9
2919,217,2019-02-19,500000,10
2920,217,2019-03-19,500000,11
2921,217,2019-04-23,500000,12
2922,217,2019-05-23,500000,13
2923,217,2019-06-21,500000,14
2924,217,2019-07-21,500000,15
2925,217,2019-08-17,500000,16
2926,217,2019-09-19,500000,17
2927,217,2019-10-20,500000,18
2928,217,2019-11-19,500000,19
2929,217,2019-12-19,500000,20
2930,217,2020-01-21,500000,21
2931,217,2020-02-19,500000,22
2932,217,2020-03-22,500000,23
2933,217,2020-04-19,500000,24
2934,217,2020-05-22,500000,25
2935,217,2020-06-23,500000,26
2936,217,2020-07-20,500000,27
2937,217,2020-08-21,500000,28
2938,217,2020-09-19,500000,29
2939,217,2020-10-22,500000,30
2940,217,2020-11-22,500000,31
2941,218,2020-10-28,139065,1
2942,218,2020-11-26,139065,2
2943,218,2020-12-25,139065,3
2944,218,2021-01-27,139065,4
2945,218,2021-02-23,139065,5
2946,218,2021-03-27,139065,6
2947,218,2021-04-22,139065,7
2948,218,2021-05-27,139065,8
2949,218,2021-06-24,139065,9
2950,218,2021-07-28,139065,10
2951,218,2021-08-26,139065,11
2952,218,2021-09-28,139065,12
2953,218,2021-10-26,139065,13
2954,218,2021-11-27,139065,14
2955,218,2021-12-23,139065,15
2956,218,2022-01-23,139065,16
2957,218,2022-02-24,139065,17
2958,218,2022-03-22,139065,18
2959,218,2022-04-27,139065,19
2960,218,2022-05-26,139065,20
2961,218,2022-06-27,139065,21
2962,218,2022-07-24,139065,22
2963,219,2026-04-10,500000,1
2964,219,2026-05-10,500000,2
2965,220,2021-10-06,571862,1
2966,220,2021-11-08,571862,2
2967,220,2021-12-03,571862,3
2968,220,2022-01-04,571862,4
2969,220,2022-02-06,571862,5
2970,220,2022-03-08,571862,6
2971,220,2022-04-03,571862,7
2972,220,2022-05-08,571862,8
2973,220,2022-06-05,571862,9
2974,220,2022-07-05,571862,10
2975,220,2022-08-07,571862,11
2976,220,2022-09-04,571862,12
2977,220,2022-10-05,571862,13
2978,220,2022-11-09,571862,14
2979,220,2022-12-08,571862,15
2980,220,2023-01-04,571862,16
2981,220,2023-02-09,571862,17
2982,220,2023-03-05,571862,18
2983,220,2023-04-07,571862,19
2984,220,2023-05-06,571862,20
2985,220,2023-06-07,571862,21
2986,220,2023-07-09,571862,22
2987,220,2023-08-03,571862,23
2988,220,2023-09-05,571862,24
2989,220,2023-10-09,571862,25
2990,220,2023-11-03,571862,26
2991,220,2023-12-03,571862,27
2992,220,2024-01-08,571862,28
2993,221,2017-08-27,115994,1
2994,221,2017-09-28,115994,2
2995,221,2017-10-28,115994,3
2996,221,2017-11-30,115994,4
2997,221,2017-12-26,115994,5
2998,221,2018-01-26,115994,6
2999,221,2018-02-25,115994,7
3000,221,2018-03-25,115994,8
3001,221,2018-04-28,115994,9
3002,221,2018-05-26,115994,10
3003,221,2018-06-24,115994,11
3004,221,2018-07-27,115994,12
3005,221,2018-08-26,115994,13
3006,221,2018-09-30,115994,14
3007,221,2018-10-26,115994,15
3008,221,2018-11-29,115994,16
3009,221,2018-12-25,115994,17
3010,221,2019-01-30,115994,18
3011,221,2019-02-27,115994,19
3012,221,2019-03-28,115994,20
3013,221,2019-04-30,115994,21
3014,221,2019-05-26,115994,22
3015,221,2019-06-28,115994,23
3016,221,2019-07-26,115994,24
3017,221,2019-08-28,115994,25
3018,221,2019-09-27,115994,26
3019,222,2022-05-13,325338,1
3020,222,2022-06-09,325338,2
3021,222,2022-07-08,325338,3
3022,222,2022-08-11,325338,4
3023,222,2022-09-14,325338,5
3024,222,2022-10-14,325338,6
3025,222,2022-11-10,325338,7
3026,222,2022-12-09,325338,8
3027,222,2023-01-10,325338,9
3028,222,2023-02-10,325338,10
3029,222,2023-03-12,325338,11
3030,222,2023-04-12,325338,12
3031,222,2023-05-12,325338,13
3032,222,2023-06-09,325338,14
3033,222,2023-07-10,325338,15
3034,223,2023-12-08,957952,1
3035,223,2024-01-05,957952,2
3036,223,2024-02-07,957952,3
3037,223,2024-03-05,957952,4
3038,223,2024-04-07,957952,5
3039,223,2024-05-07,957952,6
3040,223,2024-06-04,957952,7
3041,223,2024-07-05,957952,8
3042,223,2024-08-03,957952,9
3043,223,2024-09-07,957952,10
3044,223,2024-10-06,957952,11
3045,223,2024-11-06,957952,12
3046,223,2024-12-03,957952,13
3047,223,2025-01-06,957952,14
3048,223,2025-02-02,957952,15
3049,223,2025-03-07,957952,16
3050,223,2025-04-03,957952,17
3051,223,2025-05-05,957952,18
3052,223,2025-06-07,957952,19
3053,223,2025-07-03,957952,20
3054,223,2025-08-04,957952,21
3055,223,2025-09-05,957952,22
3056,223,2025-10-04,957952,23
3057,223,2025-11-07,957952,24
3058,224,2019-05-22,920520,1
3059,224,2019-06-19,920520,2
3060,224,2019-07-17,920520,3
3061,224,2019-08-23,920520,4
3062,224,2019-09-20,920520,5
3063,224,2019-10-17,920520,6
3064,224,2019-11-23,920520,7
3065,224,2019-12-20,920520,8
3066,224,2020-01-22,920520,9
3067,224,2020-02-22,920520,10
3068,224,2020-03-18,920520,11
3069,224,2020-04-23,920520,12
3070,224,2020-05-17,920520,13
3071,224,2020-06-21,920520,14
3072,224,2020-07-22,920520,15
3073,224,2020-08-22,920520,16
3074,224,2020-09-18,920520,17
3075,224,2020-10-20,920520,18
3076,224,2020-11-18,920520,19
3077,224,2020-12-17,920520,20
3078,224,2021-01-23,920520,21
3079,224,2021-02-19,920520,22
3080,225,2024-05-18,262668,1
3081,225,2024-06-21,262668,2
3082,225,2024-07-18,262668,3
3083,225,2024-08-21,262668,4
3084,225,2024-09-18,262668,5
3085,225,2024-10-19,262668,6
3086,225,2024-11-21,262668,7
3087,225,2024-12-17,262668,8
3088,225,2025-01-20,262668,9
3089,225,2025-02-15,262668,10
3090,225,2025-03-18,262668,11
3091,225,2025-04-16,262668,12
3092,225,2025-05-18,262668,13
3093,225,2025-06-16,262668,14
3094,225,2025-07-20,262668,15
3095,225,2025-08-20,262668,16
3096,225,2025-09-20,262668,17
3097,226,2024-05-18,292312,1
3098,226,2024-06-17,292312,2
3099,226,2024-07-19,292312,3
3100,226,2024-08-17,292312,4
3101,226,2024-09-21,292312,5
3102,226,2024-10-19,292312,6
3103,226,2024-11-15,292312,7
3104,226,2024-12-21,292312,8
3105,226,2025-01-16,292312,9
3106,226,2025-02-18,292312,10
3107,226,2025-03-15,292312,11
3108,226,2025-04-18,292312,12
3109,226,2025-05-20,292312,13
3110,226,2025-06-16,292312,14
3111,226,2025-07-16,292312,15
3112,226,2025-08-15,292312,16
3113,226,2025-09-16,292312,17
3114,226,2025-10-19,292312,18
3115,226,2025-11-16,292312,19
3116,227,2020-05-06,421365,1
3117,227,2020-05-31,421365,2
3118,227,2020-07-01,421365,3
3119,227,2020-08-04,421365,4
3120,227,2020-09-01,421365,5
3121,227,2020-10-01,421365,6
3122,227,2020-11-01,421365,7
3123,227,2020-12-05,421365,8
3124,227,2021-01-01,421365,9
3125,227,2021-02-02,421365,10
3126,227,2021-02-28,421365,11
3127,227,2021-04-06,421365,12
3128,227,2021-05-03,421365,13
3129,227,2021-06-01,421365,14
3130,227,2021-07-04,421365,15
3131,227,2021-08-01,421365,16
3132,227,2021-09-04,421365,17
3133,227,2021-10-02,421365,18
3134,227,2021-11-04,421365,19
3135,227,2021-12-03,421365,20
3136,227,2021-12-31,421365,21
3137,227,2022-02-04,421365,22
3138,227,2022-03-04,421365,23
3139,227,2022-03-31,421365,24
3140,227,2022-05-03,421365,25
3141,227,2022-06-01,421365,26
3142,227,2022-07-04,421365,27
3143,227,2022-07-31,421365,28
3144,227,2022-09-02,421365,29
3145,227,2022-09-30,421365,30
3146,227,2022-11-02,421365,31
3147,227,2022-12-03,421365,32
3148,227,2023-01-01,421365,33
3149,227,2023-01-31,421365,34
3150,227,2023-03-06,421365,35
3151,227,2023-04-06,421365,36
3152,227,2023-05-05,421365,37
3153,227,2023-06-04,421365,38
3154,227,2023-07-03,421365,39
3155,227,2023-07-31,421365,40
3156,227,2023-09-06,421365,41
3157,227,2023-10-04,421365,42
3158,227,2023-11-06,421365,43
3159,227,2023-11-30,421365,44
3160,228,2017-02-11,211325,1
3161,228,2017-03-08,211325,2
3162,228,2017-04-12,211325,3
3163,228,2017-05-12,211325,4
3164,228,2017-06-11,211325,5
3165,228,2017-07-14,211325,6
3166,228,2017-08-09,211325,7
3167,228,2017-09-08,211325,8
3168,228,2017-10-11,211325,9
3169,228,2017-11-10,211325,10
3170,228,2017-12-11,211325,11
3171,228,2018-01-11,211325,12
3172,228,2018-02-09,211325,13
3173,228,2018-03-10,211325,14
3174,228,2018-04-11,211325,15
3175,228,2018-05-08,211325,16
3176,228,2018-06-08,211325,17
3177,228,2018-07-12,211325,18
3178,228,2018-08-10,211325,19
3179,228,2018-09-10,211325,20
3180,228,2018-10-12,211325,21
3181,228,2018-11-11,211325,22
3182,228,2018-12-10,211325,23
3183,228,2019-01-08,211325,24
3184,228,2019-02-08,211325,25
3185,228,2019-03-09,211325,26
3186,228,2019-04-10,211325,27
3187,228,2019-05-11,211325,28
3188,228,2019-06-12,211325,29
3189,228,2019-07-12,211325,30
3190,228,2019-08-11,211325,31
3191,228,2019-09-14,211325,32
3192,228,2019-10-13,211325,33
3193,228,2019-11-09,211325,34
3194,228,2019-12-12,211325,35
3195,228,2020-01-10,211325,36
3196,228,2020-02-09,211325,37
3197,229,2022-04-24,312207,1
3198,229,2022-05-25,312207,2
3199,229,2022-06-25,312207,3
3200,229,2022-07-21,312207,4
3201,229,2022-08-25,312207,5
3202,229,2022-09-27,312207,6
3203,229,2022-10-27,312207,7
3204,229,2022-11-25,312207,8
3205,229,2022-12-26,312207,9
3206,229,2023-01-25,312207,10
3207,229,2023-02-27,312207,11
3208,229,2023-03-23,312207,12
3209,229,2023-04-24,312207,13
3210,229,2023-05-22,312207,14
3211,229,2023-06-23,312207,15
3212,229,2023-07-25,312207,16
3213,229,2023-08-26,312207,17
3214,229,2023-09-21,312207,18
3215,229,2023-10-25,312207,19
3216,229,2023-11-26,312207,20
3217,229,2023-12-24,312207,21
3218,229,2024-01-25,312207,22
3219,229,2024-02-27,312207,23
3220,229,2024-03-21,312207,24
3221,229,2024-04-26,312207,25
3222,229,2024-05-26,312207,26
3223,229,2024-06-26,312207,27
3224,229,2024-07-24,312207,28
3225,229,2024-08-25,312207,29
3226,229,2024-09-24,312207,30
3227,229,2024-10-22,312207,31
3228,229,2024-11-22,312207,32
3229,229,2024-12-25,312207,33
3230,229,2025-01-27,312207,34
3231,229,2025-02-24,312207,35
3232,229,2025-03-21,312207,36
3233,229,2025-04-26,312207,37
3234,229,2025-05-26,312207,38
3235,229,2025-06-25,312207,39
3236,229,2025-07-27,312207,40
3237,229,2025-08-22,312207,41
3238,229,2025-09-22,312207,42
3239,229,2025-10-26,312207,43
3240,229,2025-11-25,312207,44
3241,229,2025-12-24,312207,45
3242,229,2026-01-22,312207,46
3243,229,2026-02-24,312207,47
3244,229,2026-03-27,312207,48
3245,230,2021-05-19,351863,1
3246,230,2021-06-18,351863,2
3247,230,2021-07-19,351863,3
3248,230,2021-08-20,351863,4
3249,230,2021-09-17,351863,5
3250,230,2021-10-16,351863,6
3251,230,2021-11-22,351863,7
3252,231,2021-05-20,289395,1
3253,231,2021-06-17,289395,2
3254,231,2021-07-21,289395,3
3255,231,2021-08-16,289395,4
3256,231,2021-09-19,289395,5
3257,231,2021-10-19,289395,6
3258,231,2021-11-22,289395,7
3259,231,2021-12-21,289395,8
3260,231,2022-01-21,289395,9
3261,231,2022-02-18,289395,10
3262,231,2022-03-22,289395,11
3263,231,2022-04-20,289395,12
3264,231,2022-05-18,289395,13
3265,231,2022-06-22,289395,14
3266,231,2022-07-18,289395,15
3267,231,2022-08-20,289395,16
3268,231,2022-09-22,289395,17
3269,231,2022-10-22,289395,18
3270,232,2023-05-21,783039,1
3271,232,2023-06-21,783039,2
3272,232,2023-07-19,783039,3
3273,232,2023-08-19,783039,4
3274,232,2023-09-22,783039,5
3275,232,2023-10-20,783039,6
3276,232,2023-11-22,783039,7
3277,232,2023-12-19,783039,8
3278,232,2024-01-16,783039,9
3279,232,2024-02-16,783039,10
3280,232,2024-03-17,783039,11
3281,232,2024-04-21,783039,12
3282,232,2024-05-20,783039,13
3283,232,2024-06-18,783039,14
3284,232,2024-07-21,783039,15
3285,232,2024-08-18,783039,16
3286,232,2024-09-17,783039,17
3287,232,2024-10-17,783039,18
3288,232,2024-11-22,783039,19
3289,232,2024-12-19,783039,20
3290,232,2025-01-17,783039,21
3291,232,2025-02-17,783039,22
3292,232,2025-03-18,783039,23
3293,232,2025-04-19,783039,24
3294,233,2026-03-01,486232,1
3295,233,2026-03-23,486232,2
3296,233,2026-04-29,486232,3
3297,234,2026-01-09,200000,1
3298,234,2026-02-11,200000,2
3299,234,2026-03-11,200000,3
3300,235,2025-10-23,200000,1
3301,235,2025-11-23,200000,2
3302,235,2025-12-26,200000,3
3303,235,2026-01-24,200000,4
3304,235,2026-02-23,200000,5
3305,235,2026-03-22,200000,6
3306,235,2026-04-24,200000,7
3307,235,2026-05-19,200000,8
3308,235,2026-05-19,200000,9
3309,235,2026-05-19,200000,10
3310,235,2026-05-19,200000,11
3311,235,2026-05-19,200000,12
3312,235,2026-05-19,200000,13
3313,235,2026-05-19,200000,14
3314,235,2026-05-19,200000,15
3315,235,2026-05-19,200000,16
3316,235,2026-05-19,200000,17
3317,235,2026-05-19,200000,18
3318,235,2026-05-19,200000,19
3319,235,2026-05-19,200000,20
3320,235,2026-05-19,200000,21
3321,235,2026-05-19,200000,22
3322,235,2026-05-19,200000,23
3323,235,2026-05-19,200000,24
3324,235,2026-05-19,200000,25
3325,235,2026-05-19,200000,26
3326,235,2026-05-19,200000,27
3327,235,2026-05-19,200000,28
3328,235,2026-05-19,200000,29
3329,235,2026-05-19,200000,30
3330,235,2026-05-19,200000,31
3331,235,2026-05-19,200000,32
3332,235,2026-05-19,200000,33
3333,235,2026-05-19,200000,34
3334,235,2026-05-19,200000,35
3335,235,2026-05-19,200000,36
3336,235,2026-05-19,200000,37
3337,235,2026-05-19,200000,38
3338,236,2023-01-01,300000,1
3339,236,2023-02-03,300000,2
3340,236,2023-02-28,300000,3
3341,236,2023-04-01,300000,4
3342,236,2023-05-01,300000,5
3343,236,2023-06-03,300000,6
3344,236,2023-07-04,300000,7
3345,236,2023-07-29,300000,8
3346,236,2023-08-29,300000,9
3347,236,2023-10-04,300000,10
3348,236,2023-11-04,300000,11
3349,237,2023-08-30,300000,1
3350,238,2024-10-09,200000,1
3351,238,2024-11-06,200000,2
3352,238,2024-12-12,200000,3
3353,238,2025-01-07,200000,4
3354,238,2025-02-10,200000,5
3355,238,2025-03-07,200000,6
3356,238,2025-04-06,200000,7
3357,238,2025-05-11,200000,8
3358,238,2025-06-10,200000,9
3359,238,2025-07-06,200000,10
3360,238,2025-08-07,200000,11
3361,238,2025-09-08,200000,12
3362,238,2025-10-09,200000,13
3363,238,2025-11-06,200000,14
3364,238,2025-12-12,200000,15
3365,238,2026-01-07,200000,16
3366,238,2026-02-12,200000,17
3367,238,2026-03-12,200000,18
3368,238,2026-04-12,200000,19
3369,238,2026-05-12,200000,20
3370,238,2026-05-19,200000,21
3371,238,2026-05-19,200000,22
3372,238,2026-05-19,200000,23
3373,238,2026-05-19,200000,24
3374,238,2026-05-19,200000,25
3375,238,2026-05-19,200000,26
3376,238,2026-05-19,200000,27
3377,238,2026-05-19,200000,28
3378,238,2026-05-19,200000,29
3379,238,2026-05-19,200000,30
3380,238,2026-05-19,200000,31
3381,239,2024-12-02,288691,1
3382,239,2025-01-02,288691,2
3383,239,2025-01-29,288691,3
3384,239,2025-02-26,288691,4
3385,239,2025-04-02,288691,5
3386,239,2025-05-03,288691,6
3387,239,2025-05-31,288691,7
3388,239,2025-07-02,288691,8
3389,240,2023-05-08,675747,1
3390,240,2023-06-07,675747,2
3391,240,2023-07-06,675747,3
3392,240,2023-08-11,675747,4
3393,240,2023-09-11,675747,5
3394,240,2023-10-08,675747,6
3395,240,2023-11-07,675747,7
3396,241,2026-01-24,345419,1
3397,241,2026-02-26,345419,2
3398,241,2026-03-23,345419,3
3399,241,2026-04-24,345419,4
3400,242,2018-08-29,282364,1
3401,242,2018-09-29,282364,2
3402,242,2018-10-26,282364,3
3403,242,2018-11-25,282364,4
3404,242,2018-12-26,282364,5
3405,242,2019-01-26,282364,6
3406,242,2019-02-27,282364,7
3407,242,2019-03-24,282364,8
3408,242,2019-04-26,282364,9
3409,242,2019-05-30,282364,10
3410,242,2019-06-28,282364,11
3411,242,2019-07-30,282364,12
3412,242,2019-08-28,282364,13
3413,242,2019-09-29,282364,14
3414,242,2019-10-27,282364,15
3415,242,2019-11-24,282364,16
3416,242,2019-12-30,282364,17
3417,242,2020-01-24,282364,18
3418,242,2020-03-01,282364,19
3419,242,2020-03-29,282364,20
3420,242,2020-04-28,282364,21
3421,242,2020-05-25,282364,22
3422,242,2020-06-27,282364,23
3423,242,2020-07-30,282364,24
3424,242,2020-08-30,282364,25
3425,242,2020-09-29,282364,26
3426,242,2020-10-27,282364,27
3427,243,2022-10-27,102540,1
3428,243,2022-11-28,102540,2
3429,243,2022-12-27,102540,3
3430,243,2023-01-25,102540,4
3431,243,2023-02-25,102540,5
3432,243,2023-03-28,102540,6
3433,243,2023-04-22,102540,7
3434,243,2023-05-26,102540,8
3435,243,2023-06-24,102540,9
3436,243,2023-07-27,102540,10
3437,243,2023-08-28,102540,11
3438,243,2023-09-27,102540,12
3439,243,2023-10-25,102540,13
3440,243,2023-11-26,102540,14
3441,243,2023-12-27,102540,15
3442,243,2024-01-24,102540,16
3443,243,2024-02-25,102540,17
3444,243,2024-03-24,102540,18
3445,243,2024-04-26,102540,19
3446,243,2024-05-27,102540,20
3447,243,2024-06-23,102540,21
3448,243,2024-07-27,102540,22
3449,243,2024-08-26,102540,23
3450,243,2024-09-27,102540,24
3451,243,2024-10-28,102540,25
3452,243,2024-11-27,102540,26
3453,244,2025-05-19,35317,1
3454,244,2025-06-21,35317,2
3455,244,2025-07-16,35317,3
3456,244,2025-08-16,35317,4
3457,244,2025-09-15,35317,5
3458,244,2025-10-18,35317,6
3459,244,2025-11-18,35317,7
3460,244,2025-12-19,35317,8
3461,244,2026-01-15,35317,9
3462,244,2026-02-20,35317,10
3463,244,2026-03-18,35317,11
3464,244,2026-04-15,35317,12
3465,244,2026-05-15,35317,13
3466,245,2022-02-13,605665,1
3467,245,2022-03-12,605665,2
3468,245,2022-04-12,605665,3
3469,245,2022-05-10,605665,4
3470,245,2022-06-13,605665,5
3471,245,2022-07-08,605665,6
3472,245,2022-08-08,605665,7
3473,245,2022-09-10,605665,8
3474,245,2022-10-10,605665,9
3475,245,2022-11-10,605665,10
3476,245,2022-12-08,605665,11
3477,245,2023-01-12,605665,12
3478,245,2023-02-10,605665,13
3479,245,2023-03-09,605665,14
3480,245,2023-04-14,605665,15
3481,245,2023-05-10,605665,16
3482,245,2023-06-14,605665,17
3483,245,2023-07-11,605665,18
3484,245,2023-08-10,605665,19
3485,245,2023-09-08,605665,20
3486,245,2023-10-13,605665,21
3487,245,2023-11-10,605665,22
3488,245,2023-12-13,605665,23
3489,245,2024-01-11,605665,24
3490,245,2024-02-09,605665,25
3491,245,2024-03-13,605665,26
3492,245,2024-04-14,605665,27
3493,245,2024-05-12,605665,28
3494,245,2024-06-10,605665,29
3495,245,2024-07-11,605665,30
3496,245,2024-08-11,605665,31
3497,245,2024-09-13,605665,32
3498,245,2024-10-09,605665,33
3499,245,2024-11-08,605665,34
3500,245,2024-12-10,605665,35
3501,245,2025-01-11,605665,36
3502,245,2025-02-09,605665,37
3503,245,2025-03-12,605665,38
3504,245,2025-04-11,605665,39
3505,245,2025-05-09,605665,40
3506,245,2025-06-08,605665,41
3507,245,2025-07-08,605665,42
3508,245,2025-08-11,605665,43
3509,245,2025-09-14,605665,44
3510,245,2025-10-11,605665,45
3511,245,2025-11-13,605665,46
3512,245,2025-12-10,605665,47
3513,245,2026-01-09,605665,48
3514,245,2026-02-11,605665,49
3515,245,2026-03-10,605665,50
3516,246,2023-05-18,547673,1
3517,246,2023-06-15,547673,2
3518,246,2023-07-12,547673,3
3519,246,2023-08-16,547673,4
3520,246,2023-09-17,547673,5
3521,246,2023-10-12,547673,6
3522,246,2023-11-12,547673,7
3523,246,2023-12-14,547673,8
3524,246,2024-01-17,547673,9
3525,246,2024-02-15,547673,10
3526,246,2024-03-12,547673,11
3527,246,2024-04-14,547673,12
3528,246,2024-05-13,547673,13
3529,246,2024-06-17,547673,14
3530,246,2024-07-14,547673,15
3531,246,2024-08-14,547673,16
3532,246,2024-09-18,547673,17
3533,246,2024-10-14,547673,18
3534,246,2024-11-18,547673,19
3535,246,2024-12-12,547673,20
3536,246,2025-01-12,547673,21
3537,246,2025-02-13,547673,22
3538,246,2025-03-16,547673,23
3539,246,2025-04-16,547673,24
3540,246,2025-05-16,547673,25
3541,246,2025-06-18,547673,26
3542,246,2025-07-17,547673,27
3543,246,2025-08-17,547673,28
3544,247,2021-02-28,563245,1
3545,247,2021-03-26,563245,2
3546,247,2021-04-26,563245,3
3547,247,2021-05-27,563245,4
3548,247,2021-06-29,563245,5
3549,247,2021-07-31,563245,6
3550,247,2021-08-30,563245,7
3551,247,2021-09-27,563245,8
3552,247,2021-10-26,563245,9
3553,247,2021-12-01,563245,10
3554,247,2021-12-27,563245,11
3555,247,2022-01-29,563245,12
3556,247,2022-03-03,563245,13
3557,247,2022-03-29,563245,14
3558,247,2022-04-25,563245,15
3559,247,2022-05-28,563245,16
3560,247,2022-06-25,563245,17
3561,247,2022-07-29,563245,18
3562,247,2022-08-31,563245,19
3563,247,2022-09-26,563245,20
3564,247,2022-10-30,563245,21
3565,247,2022-11-26,563245,22
3566,247,2022-12-31,563245,23
3567,247,2023-01-25,563245,24
3568,247,2023-03-02,563245,25
3569,247,2023-03-31,563245,26
3570,247,2023-04-29,563245,27
3571,247,2023-05-26,563245,28
3572,247,2023-06-29,563245,29
3573,247,2023-07-30,563245,30
3574,247,2023-08-30,563245,31
3575,247,2023-09-26,563245,32
3576,247,2023-10-29,563245,33
3577,247,2023-11-27,563245,34
3578,247,2023-12-29,563245,35
3579,247,2024-01-30,563245,36
3580,247,2024-02-29,563245,37
3581,247,2024-03-31,563245,38
3582,247,2024-04-25,563245,39
3583,247,2024-05-27,563245,40
3584,247,2024-06-28,563245,41
3585,247,2024-07-31,563245,42
3586,247,2024-08-25,563245,43
3587,247,2024-09-28,563245,44
3588,247,2024-10-26,563245,45
3589,247,2024-11-28,563245,46
3590,247,2024-12-31,563245,47
3591,247,2025-01-29,563245,48
3592,247,2025-03-03,563245,49
3593,247,2025-03-28,563245,50
3594,247,2025-04-30,563245,51
3595,247,2025-05-25,563245,52
3596,247,2025-06-25,563245,53
3597,247,2025-07-28,563245,54
3598,247,2025-08-25,563245,55
3599,247,2025-09-30,563245,56
3600,247,2025-10-31,563245,57
3601,247,2025-11-25,563245,58
3602,247,2025-12-28,563245,59
3603,247,2026-01-27,563245,60
3604,247,2026-02-27,563245,61
3605,247,2026-03-26,563245,62
3606,248,2019-04-29,246055,1
3607,248,2019-06-01,246055,2
3608,248,2019-07-02,246055,3
3609,248,2019-07-31,246055,4
3610,248,2019-08-30,246055,5
3611,248,2019-09-26,246055,6
3612,248,2019-11-01,246055,7
3613,248,2019-11-27,246055,8
3614,248,2019-12-28,246055,9
3615,248,2020-01-27,246055,10
3616,248,2020-03-02,246055,11
3617,248,2020-03-31,246055,12
3618,248,2020-04-27,246055,13
3619,248,2020-05-26,246055,14
3620,248,2020-06-27,246055,15
3621,248,2020-07-29,246055,16
3622,248,2020-08-27,246055,17
3623,248,2020-09-28,246055,18
3624,248,2020-10-28,246055,19
3625,248,2020-11-30,246055,20
3626,248,2020-12-28,246055,21
3627,248,2021-01-27,246055,22
3628,248,2021-02-27,246055,23
3629,248,2021-03-26,246055,24
3630,248,2021-05-02,246055,25
3631,248,2021-05-28,246055,26
3632,248,2021-06-29,246055,27
3633,248,2021-07-26,246055,28
3634,248,2021-08-30,246055,29
3635,248,2021-09-29,246055,30
3636,248,2021-10-27,246055,31
3637,248,2021-12-02,246055,32
3638,248,2021-12-27,246055,33
3639,248,2022-02-01,246055,34
3640,249,2024-06-15,207842,1
3641,249,2024-07-15,207842,2
3642,249,2024-08-12,207842,3
3643,249,2024-09-13,207842,4
3644,249,2024-10-13,207842,5
3645,249,2024-11-12,207842,6
3646,249,2024-12-18,207842,7
3647,249,2025-01-15,207842,8
3648,249,2025-02-13,207842,9
3649,249,2025-03-15,207842,10
3650,249,2025-04-17,207842,11
3651,249,2025-05-15,207842,12
3652,249,2025-06-14,207842,13
3653,249,2025-07-12,207842,14
3654,250,2020-06-26,200000,1
3655,250,2020-07-24,200000,2
3656,250,2020-08-24,200000,3
3657,250,2020-09-21,200000,4
3658,250,2020-10-21,200000,5
3659,250,2020-11-26,200000,6
3660,250,2020-12-25,200000,7
3661,250,2021-01-26,200000,8
3662,250,2021-02-21,200000,9
3663,250,2021-03-24,200000,10
3664,250,2021-04-22,200000,11
3665,250,2021-05-26,200000,12
3666,250,2021-06-24,200000,13
3667,250,2021-07-22,200000,14
3668,250,2021-08-22,200000,15
3669,250,2021-09-21,200000,16
3670,250,2021-10-26,200000,17
3671,250,2021-11-23,200000,18
3672,250,2021-12-20,200000,19
3673,250,2022-01-21,200000,20
3674,250,2022-02-21,200000,21
3675,250,2022-03-23,200000,22
3676,250,2022-04-20,200000,23
3677,250,2022-05-24,200000,24
3678,250,2022-06-25,200000,25
3679,250,2022-07-26,200000,26
3680,250,2022-08-25,200000,27
3681,250,2022-09-24,200000,28
3682,250,2022-10-21,200000,29
3683,250,2022-11-20,200000,30
3684,250,2022-12-21,200000,31
3685,250,2023-01-22,200000,32
3686,250,2023-02-21,200000,33
3687,250,2023-03-21,200000,34
3688,250,2023-04-24,200000,35
3689,250,2023-05-24,200000,36
3690,250,2023-06-24,200000,37
3691,250,2023-07-25,200000,38
3692,250,2023-08-22,200000,39
3693,250,2023-09-24,200000,40
3694,250,2023-10-20,200000,41
3695,250,2023-11-25,200000,42
3696,250,2023-12-23,200000,43
3697,251,2022-01-16,200000,1
3698,251,2022-02-14,200000,2
3699,251,2022-03-11,200000,3
3700,251,2022-04-16,200000,4
3701,251,2022-05-15,200000,5
3702,251,2022-06-13,200000,6
3703,251,2022-07-13,200000,7
3704,251,2022-08-11,200000,8
3705,251,2022-09-14,200000,9
3706,251,2022-10-14,200000,10
3707,251,2022-11-15,200000,11
3708,251,2022-12-11,200000,12
3709,251,2023-01-13,200000,13
3710,251,2023-02-14,200000,14
3711,251,2023-03-11,200000,15
3712,251,2023-04-17,200000,16
3713,251,2023-05-14,200000,17
3714,251,2023-06-16,200000,18
3715,251,2023-07-17,200000,19
3716,251,2023-08-14,200000,20
3717,251,2023-09-13,200000,21
3718,251,2023-10-12,200000,22
3719,251,2023-11-17,200000,23
3720,251,2023-12-15,200000,24
3721,251,2024-01-15,200000,25
3722,251,2024-02-13,200000,26
3723,251,2024-03-14,200000,27
3724,251,2024-04-11,200000,28
3725,251,2024-05-14,200000,29
3726,251,2024-06-13,200000,30
3727,251,2024-07-15,200000,31
3728,251,2024-08-14,200000,32
3729,251,2024-09-15,200000,33
3730,251,2024-10-17,200000,34
3731,252,2024-09-11,200000,1
3732,252,2024-10-13,200000,2
3733,252,2024-11-08,200000,3
3734,253,2024-08-05,187528,1
3735,253,2024-09-02,187528,2
3736,253,2024-10-05,187528,3
3737,253,2024-11-07,187528,4
3738,253,2024-12-06,187528,5
3739,253,2025-01-07,187528,6
3740,253,2025-02-06,187528,7
3741,253,2025-03-02,187528,8
3742,253,2025-04-05,187528,9
3743,253,2025-05-07,187528,10
3744,253,2025-06-06,187528,11
3745,253,2025-07-08,187528,12
3746,254,2021-08-11,297793,1
3747,254,2021-09-11,297793,2
3748,254,2021-10-11,297793,3
3749,254,2021-11-14,297793,4
3750,254,2021-12-11,297793,5
3751,254,2022-01-14,297793,6
3752,254,2022-02-14,297793,7
3753,254,2022-03-08,297793,8
3754,254,2022-04-13,297793,9
3755,254,2022-05-08,297793,10
3756,254,2022-06-09,297793,11
3757,254,2022-07-13,297793,12
3758,254,2022-08-10,297793,13
3759,254,2022-09-09,297793,14
3760,254,2022-10-12,297793,15
3761,255,2020-04-09,82258,1
3762,255,2020-05-05,82258,2
3763,255,2020-06-10,82258,3
3764,255,2020-07-05,82258,4
3765,255,2020-08-10,82258,5
3766,255,2020-09-09,82258,6
3767,255,2020-10-10,82258,7
3768,255,2020-11-07,82258,8
3769,255,2020-12-10,82258,9
3770,255,2021-01-10,82258,10
3771,255,2021-02-11,82258,11
3772,255,2021-03-09,82258,12
3773,255,2021-04-11,82258,13
3774,255,2021-05-10,82258,14
3775,255,2021-06-09,82258,15
3776,255,2021-07-07,82258,16
3777,255,2021-08-09,82258,17
3778,255,2021-09-05,82258,18
3779,255,2021-10-11,82258,19
3780,255,2021-11-09,82258,20
3781,255,2021-12-07,82258,21
3782,255,2022-01-08,82258,22
3783,255,2022-02-10,82258,23
3784,255,2022-03-09,82258,24
3785,255,2022-04-10,82258,25
3786,255,2022-05-06,82258,26
3787,256,2022-04-09,260784,1
3788,256,2022-05-06,260784,2
3789,256,2022-06-12,260784,3
3790,256,2022-07-11,260784,4
3791,256,2022-08-10,260784,5
3792,256,2022-09-12,260784,6
3793,256,2022-10-06,260784,7
3794,256,2022-11-06,260784,8
3795,256,2022-12-06,260784,9
3796,256,2023-01-12,260784,10
3797,256,2023-02-07,260784,11
3798,256,2023-03-11,260784,12
3799,256,2023-04-07,260784,13
3800,256,2023-05-10,260784,14
3801,256,2023-06-12,260784,15
3802,256,2023-07-06,260784,16
3803,256,2023-08-11,260784,17
3804,256,2023-09-11,260784,18
3805,256,2023-10-08,260784,19
3806,256,2023-11-10,260784,20
3807,256,2023-12-11,260784,21
3808,256,2024-01-12,260784,22
3809,256,2024-02-06,260784,23
3810,256,2024-03-06,260784,24
3811,256,2024-04-11,260784,25
3812,257,2019-05-20,285234,1
3813,257,2019-06-22,285234,2
3814,257,2019-07-19,285234,3
3815,257,2019-08-20,285234,4
3816,257,2019-09-20,285234,5
3817,257,2019-10-20,285234,6
3818,257,2019-11-23,285234,7
3819,257,2019-12-18,285234,8
3820,257,2020-01-21,285234,9
3821,257,2020-02-19,285234,10
3822,257,2020-03-23,285234,11
3823,257,2020-04-21,285234,12
3824,257,2020-05-21,285234,13
3825,257,2020-06-22,285234,14
3826,257,2020-07-20,285234,15
3827,257,2020-08-18,285234,16
3828,257,2020-09-22,285234,17
3829,257,2020-10-17,285234,18
3830,257,2020-11-23,285234,19
3831,257,2020-12-23,285234,20
3832,257,2021-01-18,285234,21
3833,257,2021-02-21,285234,22
3834,257,2021-03-23,285234,23
3835,257,2021-04-18,285234,24
3836,257,2021-05-23,285234,25
3837,257,2021-06-23,285234,26
3838,257,2021-07-20,285234,27
3839,258,2021-09-18,141840,1
3840,258,2021-10-21,141840,2
3841,258,2021-11-20,141840,3
3842,258,2021-12-15,141840,4
3843,258,2022-01-19,141840,5
3844,258,2022-02-15,141840,6
3845,258,2022-03-16,141840,7
3846,258,2022-04-19,141840,8
3847,258,2022-05-20,141840,9
3848,258,2022-06-15,141840,10
3849,258,2022-07-17,141840,11
3850,258,2022-08-18,141840,12
3851,258,2022-09-21,141840,13
3852,258,2022-10-21,141840,14
3853,258,2022-11-18,141840,15
3854,258,2022-12-17,141840,16
3855,258,2023-01-16,141840,17
3856,258,2023-02-19,141840,18
3857,258,2023-03-18,141840,19
3858,258,2023-04-17,141840,20
3859,258,2023-05-20,141840,21
3860,258,2023-06-21,141840,22
3861,258,2023-07-17,141840,23
3862,258,2023-08-16,141840,24
3863,258,2023-09-16,141840,25
3864,258,2023-10-15,141840,26
3865,258,2023-11-18,141840,27
3866,258,2023-12-15,141840,28
3867,258,2024-01-21,141840,29
3868,258,2024-02-17,141840,30
3869,258,2024-03-19,141840,31
3870,258,2024-04-19,141840,32
3871,258,2024-05-16,141840,33
3872,258,2024-06-19,141840,34
3873,258,2024-07-19,141840,35
3874,258,2024-08-21,141840,36
3875,258,2024-09-19,141840,37
3876,258,2024-10-17,141840,38
3877,258,2024-11-19,141840,39
3878,258,2024-12-20,141840,40
3879,258,2025-01-19,141840,41
3880,258,2025-02-19,141840,42
3881,258,2025-03-15,141840,43
3882,258,2025-04-17,141840,44
3883,258,2025-05-16,141840,45
3884,258,2025-06-15,141840,46
3885,259,2020-01-25,106756,1
3886,259,2020-02-21,106756,2
3887,259,2020-03-25,106756,3
3888,259,2020-04-19,106756,4
3889,259,2020-05-25,106756,5
3890,259,2020-06-23,106756,6
3891,259,2020-07-20,106756,7
3892,259,2020-08-25,106756,8
3893,259,2020-09-22,106756,9
3894,259,2020-10-21,106756,10
3895,259,2020-11-25,106756,11
3896,259,2020-12-20,106756,12
3897,259,2021-01-23,106756,13
3898,259,2021-02-19,106756,14
3899,259,2021-03-21,106756,15
3900,259,2021-04-24,106756,16
3901,260,2022-04-06,200000,1
3902,260,2022-05-05,200000,2
3903,260,2022-06-05,200000,3
3904,260,2022-07-06,200000,4
3905,260,2022-08-06,200000,5
3906,260,2022-09-05,200000,6
3907,260,2022-10-04,200000,7
3908,260,2022-11-06,200000,8
3909,260,2022-12-07,200000,9
3910,260,2023-01-07,200000,10
3911,260,2023-02-03,200000,11
3912,260,2023-03-09,200000,12
3913,260,2023-04-05,200000,13
3914,260,2023-05-04,200000,14
3915,260,2023-06-03,200000,15
3916,260,2023-07-05,200000,16
3917,260,2023-08-06,200000,17
3918,260,2023-09-07,200000,18
3919,260,2023-10-08,200000,19
3920,260,2023-11-04,200000,20
3921,260,2023-12-08,200000,21
3922,260,2024-01-07,200000,22
3923,260,2024-02-09,200000,23
3924,260,2024-03-09,200000,24
3925,260,2024-04-08,200000,25
3926,260,2024-05-06,200000,26
3927,260,2024-06-05,200000,27
3928,260,2024-07-06,200000,28
3929,260,2024-08-08,200000,29
3930,260,2024-09-06,200000,30
3931,260,2024-10-07,200000,31
3932,260,2024-11-04,200000,32
3933,260,2024-12-06,200000,33
3934,260,2025-01-07,200000,34
3935,260,2025-02-04,200000,35
3936,260,2025-03-09,200000,36
3937,260,2025-04-05,200000,37
3938,261,2025-08-23,200000,1
3939,261,2025-09-21,200000,2
3940,261,2025-10-21,200000,3
3941,261,2025-11-26,200000,4
3942,261,2025-12-24,200000,5
3943,261,2026-01-21,200000,6
3944,261,2026-02-23,200000,7
3945,261,2026-03-25,200000,8
3946,261,2026-04-25,200000,9
3947,261,2026-05-19,200000,10
3948,261,2026-05-19,200000,11
3949,261,2026-05-19,200000,12
3950,261,2026-05-19,200000,13
3951,261,2026-05-19,200000,14
3952,261,2026-05-19,200000,15
3953,261,2026-05-19,200000,16
3954,261,2026-05-19,200000,17
3955,261,2026-05-19,200000,18
3956,261,2026-05-19,200000,19
3957,261,2026-05-19,200000,20
3958,261,2026-05-19,200000,21
3959,261,2026-05-19,200000,22
3960,261,2026-05-19,200000,23
3961,262,2021-05-19,374287,1
3962,262,2021-06-20,374287,2
3963,262,2021-07-20,374287,3
3964,262,2021-08-21,374287,4
3965,262,2021-09-20,374287,5
3966,262,2021-10-22,374287,6
3967,262,2021-11-22,374287,7
3968,262,2021-12-16,374287,8
3969,262,2022-01-21,374287,9
3970,262,2022-02-17,374287,10
3971,262,2022-03-19,374287,11
3972,263,2022-02-04,252733,1
3973,263,2022-03-01,252733,2
3974,263,2022-04-04,252733,3
3975,263,2022-05-04,252733,4
3976,263,2022-06-07,252733,5
3977,263,2022-07-06,252733,6
3978,263,2022-08-01,252733,7
3979,263,2022-09-02,252733,8
3980,263,2022-10-01,252733,9
3981,263,2022-11-03,252733,10
3982,263,2022-12-01,252733,11
3983,263,2023-01-01,252733,12
3984,263,2023-02-07,252733,13
3985,263,2023-03-02,252733,14
3986,263,2023-04-03,252733,15
3987,263,2023-05-05,252733,16
3988,263,2023-06-07,252733,17
3989,263,2023-07-05,252733,18
3990,263,2023-08-07,252733,19
3991,263,2023-09-04,252733,20
3992,263,2023-10-07,252733,21
3993,263,2023-11-06,252733,22
3994,263,2023-12-01,252733,23
3995,263,2024-01-04,252733,24
3996,263,2024-02-02,252733,25
3997,263,2024-03-05,252733,26
3998,263,2024-04-07,252733,27
3999,263,2024-05-01,252733,28
4000,263,2024-06-02,252733,29
4001,263,2024-07-06,252733,30
4002,263,2024-08-02,252733,31
4003,263,2024-09-01,252733,32
4004,263,2024-10-06,252733,33
4005,263,2024-11-02,252733,34
4006,263,2024-12-06,252733,35
4007,263,2025-01-07,252733,36
4008,263,2025-02-07,252733,37
4009,263,2025-03-01,252733,38
4010,263,2025-04-01,252733,39
4011,263,2025-05-06,252733,40
4012,263,2025-06-03,252733,41
4013,263,2025-07-04,252733,42
4014,263,2025-08-02,252733,43
4015,263,2025-09-02,252733,44
4016,263,2025-10-03,252733,45
4017,264,2022-06-17,442347,1
4018,264,2022-07-15,442347,2
4019,264,2022-08-16,442347,3
4020,264,2022-09-16,442347,4
4021,264,2022-10-12,442347,5
4022,264,2022-11-15,442347,6
4023,264,2022-12-16,442347,7
4024,264,2023-01-14,442347,8
4025,264,2023-02-14,442347,9
4026,264,2023-03-15,442347,10
4027,264,2023-04-17,442347,11
4028,264,2023-05-16,442347,12
4029,264,2023-06-12,442347,13
4030,264,2023-07-12,442347,14
4031,264,2023-08-17,442347,15
4032,264,2023-09-12,442347,16
4033,264,2023-10-11,442347,17
4034,264,2023-11-15,442347,18
4035,264,2023-12-12,442347,19
4036,264,2024-01-14,442347,20
4037,264,2024-02-16,442347,21
4038,264,2024-03-13,442347,22
4039,264,2024-04-17,442347,23
4040,264,2024-05-13,442347,24
4041,264,2024-06-12,442347,25
4042,264,2024-07-13,442347,26
4043,264,2024-08-13,442347,27
4044,264,2024-09-11,442347,28
4045,264,2024-10-14,442347,29
4046,264,2024-11-17,442347,30
4047,264,2024-12-14,442347,31
4048,264,2025-01-11,442347,32
4049,264,2025-02-11,442347,33
4050,264,2025-03-13,442347,34
4051,264,2025-04-15,442347,35
4052,264,2025-05-16,442347,36
4053,264,2025-06-16,442347,37
4054,264,2025-07-13,442347,38
4055,264,2025-08-16,442347,39
4056,264,2025-09-11,442347,40
4057,264,2025-10-14,442347,41
4058,264,2025-11-16,442347,42
4059,264,2025-12-17,442347,43
4060,264,2026-01-13,442347,44
4061,264,2026-02-15,442347,45
4062,265,2021-05-21,422550,1
4063,265,2021-06-17,422550,2
4064,265,2021-07-17,422550,3
4065,265,2021-08-20,422550,4
4066,265,2021-09-20,422550,5
4067,265,2021-10-20,422550,6
4068,265,2021-11-22,422550,7
4069,265,2021-12-19,422550,8
4070,265,2022-01-17,422550,9
4071,265,2022-02-18,422550,10
4072,266,2022-03-02,208040,1
4073,266,2022-03-31,208040,2
4074,266,2022-05-04,208040,3
4075,266,2022-06-01,208040,4
4076,266,2022-07-01,208040,5
4077,266,2022-07-30,208040,6
4078,266,2022-09-01,208040,7
4079,266,2022-09-30,208040,8
4080,266,2022-11-01,208040,9
4081,266,2022-12-03,208040,10
4082,266,2023-01-01,208040,11
4083,266,2023-01-31,208040,12
4084,266,2023-03-04,208040,13
4085,266,2023-03-30,208040,14
4086,266,2023-05-02,208040,15
4087,266,2023-06-01,208040,16
4088,266,2023-07-05,208040,17
4089,266,2023-08-05,208040,18
4090,266,2023-08-31,208040,19
4091,266,2023-10-02,208040,20
4092,266,2023-11-02,208040,21
4093,266,2023-12-03,208040,22
4094,266,2024-01-02,208040,23
4095,266,2024-02-05,208040,24
4096,266,2024-03-04,208040,25
4097,266,2024-03-31,208040,26
4098,266,2024-04-30,208040,27
4099,266,2024-06-01,208040,28
4100,266,2024-07-01,208040,29
4101,267,2025-05-18,63589,1
4102,267,2025-06-18,63589,2
4103,267,2025-07-20,63589,3
4104,267,2025-08-19,63589,4
4105,267,2025-09-21,63589,5
4106,267,2025-10-18,63589,6
4107,267,2025-11-19,63589,7
4108,267,2025-12-20,63589,8
4109,268,2025-05-18,71961,1
4110,268,2025-06-15,71961,2
4111,268,2025-07-21,71961,3
4112,268,2025-08-19,71961,4
4113,268,2025-09-15,71961,5
4114,268,2025-10-18,71961,6
4115,268,2025-11-19,71961,7
4116,268,2025-12-19,71961,8
4117,268,2026-01-16,71961,9
4118,269,2025-05-21,82342,1
4119,269,2025-06-21,82342,2
4120,269,2025-07-21,82342,3
4121,269,2025-08-21,82342,4
4122,269,2025-09-21,82342,5
4123,269,2025-10-21,82342,6
4124,269,2025-11-20,82342,7
4125,269,2025-12-21,82342,8
4126,269,2026-01-18,82342,9
4127,269,2026-02-18,82342,10
4128,269,2026-03-19,82342,11
4129,270,2017-02-10,408627,1
4130,270,2017-03-06,408627,2
4131,270,2017-04-11,408627,3
4132,270,2017-05-09,408627,4
4133,270,2017-06-08,408627,5
4134,270,2017-07-08,408627,6
4135,270,2017-08-09,408627,7
4136,270,2017-09-09,408627,8
4137,270,2017-10-09,408627,9
4138,270,2017-11-07,408627,10
4139,270,2017-12-11,408627,11
4140,270,2018-01-08,408627,12
4141,270,2018-02-11,408627,13
4142,270,2018-03-10,408627,14
4143,270,2018-04-08,408627,15
4144,270,2018-05-07,408627,16
4145,270,2018-06-09,408627,17
4146,270,2018-07-06,408627,18
4147,270,2018-08-09,408627,19
4148,270,2018-09-09,408627,20
4149,270,2018-10-07,408627,21
4150,270,2018-11-11,408627,22
4151,270,2018-12-08,408627,23
4152,270,2019-01-09,408627,24
4153,270,2019-02-08,408627,25
4154,270,2019-03-05,408627,26
4155,270,2019-04-10,408627,27
4156,270,2019-05-11,408627,28
4157,270,2019-06-08,408627,29
4158,270,2019-07-06,408627,30
4159,270,2019-08-10,408627,31
4160,270,2019-09-06,408627,32
4161,270,2019-10-09,408627,33
4162,270,2019-11-10,408627,34
4163,271,2025-05-11,921248,1
4164,271,2025-06-08,921248,2
4165,271,2025-07-10,921248,3
4166,271,2025-08-11,921248,4
4167,271,2025-09-07,921248,5
4168,271,2025-10-09,921248,6
4169,271,2025-11-10,921248,7
4170,272,2019-09-29,183669,1
4171,272,2019-10-27,183669,2
4172,272,2019-11-30,183669,3
4173,272,2019-12-30,183669,4
4174,272,2020-01-29,183669,5
4175,272,2020-02-28,183669,6
4176,272,2020-03-30,183669,7
4177,272,2020-04-28,183669,8
4178,272,2020-05-28,183669,9
4179,272,2020-07-01,183669,10
4180,272,2020-07-28,183669,11
4181,272,2020-08-25,183669,12
4182,272,2020-10-01,183669,13
4183,272,2020-10-27,183669,14
4184,272,2020-11-27,183669,15
4185,272,2020-12-30,183669,16
4186,272,2021-01-30,183669,17
4187,272,2021-02-28,183669,18
4188,272,2021-03-31,183669,19
4189,272,2021-05-01,183669,20
4190,272,2021-05-25,183669,21
4191,272,2021-06-28,183669,22
4192,272,2021-07-25,183669,23
4193,272,2021-08-28,183669,24
4194,272,2021-09-26,183669,25
4195,272,2021-10-26,183669,26
4196,272,2021-11-29,183669,27
4197,272,2021-12-28,183669,28
4198,273,2024-04-22,748399,1
4199,273,2024-05-21,748399,2
4200,273,2024-06-19,748399,3
4201,273,2024-07-23,748399,4
4202,274,2022-11-06,51857490,1
4203,275,2025-05-18,50260,1
4204,275,2025-06-21,50260,2
4205,275,2025-07-19,50260,3
4206,275,2025-08-16,50260,4
4207,275,2025-09-17,50260,5
4208,275,2025-10-18,50260,6
4209,275,2025-11-16,50260,7
4210,275,2025-12-16,50260,8
4211,275,2026-01-16,50260,9
4212,275,2026-02-18,50260,10
4213,275,2026-03-15,50260,11
4214,275,2026-04-20,50260,12
4215,275,2026-05-19,50260,13
4216,275,2026-05-19,50260,14
4217,275,2026-05-19,50260,15
4218,275,2026-05-19,50260,16
4219,275,2026-05-19,50260,17
4220,275,2026-05-19,50260,18
4221,275,2026-05-19,50260,19
4222,275,2026-05-19,50260,20
4223,275,2026-05-19,50260,21
4224,275,2026-05-19,50260,22
4225,275,2026-05-19,50260,23
4226,275,2026-05-19,50260,24
4227,275,2026-05-19,50260,25
4228,275,2026-05-19,50260,26
4229,275,2026-05-19,50260,27
4230,275,2026-05-19,50260,28
4231,275,2026-05-19,50260,29
4232,275,2026-05-19,50260,30
4233,275,2026-05-19,50260,31
4234,276,2025-05-18,29895,1
4235,276,2025-06-19,29895,2
4236,276,2025-07-19,29895,3
4237,277,2025-05-18,74919,1
4238,277,2025-06-19,74919,2
4239,277,2025-07-16,74919,3
4240,277,2025-08-15,74919,4
4241,277,2025-09-16,74919,5
4242,277,2025-10-21,74919,6
4243,277,2025-11-21,74919,7
4244,277,2025-12-18,74919,8
4245,277,2026-01-17,74919,9
4246,277,2026-02-16,74919,10
4247,277,2026-03-20,74919,11
4248,277,2026-04-21,74919,12
4249,278,2019-10-02,120954,1
4250,278,2019-10-28,120954,2
4251,278,2019-11-27,120954,3
4252,278,2019-12-27,120954,4
4253,278,2020-01-28,120954,5
4254,278,2020-03-03,120954,6
4255,278,2020-03-31,120954,7
4256,278,2020-04-28,120954,8
4257,278,2020-05-30,120954,9
4258,279,2017-08-14,965764,1
4259,279,2017-09-14,965764,2
4260,279,2017-10-08,965764,3
4261,279,2017-11-12,965764,4
4262,279,2017-12-11,965764,5
4263,279,2018-01-11,965764,6
4264,279,2018-02-13,965764,7
4265,279,2018-03-11,965764,8
4266,279,2018-04-14,965764,9
4267,279,2018-05-10,965764,10
4268,279,2018-06-12,965764,11
4269,280,2020-05-08,369014,1
4270,280,2020-06-07,369014,2
4271,280,2020-07-07,369014,3
4272,280,2020-08-09,369014,4
4273,280,2020-09-07,369014,5
4274,280,2020-10-08,369014,6
4275,280,2020-11-07,369014,7
4276,280,2020-12-06,369014,8
4277,280,2021-01-07,369014,9
4278,280,2021-02-05,369014,10
4279,280,2021-03-10,369014,11
4280,280,2021-04-06,369014,12
4281,280,2021-05-05,369014,13
4282,280,2021-06-06,369014,14
4283,280,2021-07-08,369014,15
4284,280,2021-08-10,369014,16
4285,280,2021-09-10,369014,17
4286,280,2021-10-08,369014,18
4287,281,2024-04-01,169031,1
4288,281,2024-05-04,169031,2
4289,281,2024-05-30,169031,3
4290,281,2024-06-29,169031,4
4291,281,2024-08-01,169031,5
4292,281,2024-09-01,169031,6
4293,281,2024-09-30,169031,7
4294,281,2024-10-30,169031,8
4295,282,2025-08-03,328649,1
4296,283,2024-07-19,300000,1
4297,283,2024-08-16,300000,2
4298,283,2024-09-20,300000,3
4299,283,2024-10-17,300000,4
4300,283,2024-11-19,300000,5
4301,283,2024-12-17,300000,6
4302,283,2025-01-16,300000,7
4303,283,2025-02-20,300000,8
4304,283,2025-03-16,300000,9
4305,283,2025-04-21,300000,10
4306,283,2025-05-17,300000,11
4307,284,2022-07-30,163437,1
4308,284,2022-08-31,163437,2
4309,284,2022-09-30,163437,3
4310,284,2022-10-31,163437,4
4311,284,2022-11-26,163437,5
4312,284,2022-12-29,163437,6
4313,284,2023-01-27,163437,7
4314,284,2023-02-27,163437,8
4315,284,2023-03-28,163437,9
4316,284,2023-04-26,163437,10
4317,284,2023-05-27,163437,11
4318,284,2023-06-27,163437,12
4319,284,2023-07-26,163437,13
4320,284,2023-08-27,163437,14
4321,284,2023-09-29,163437,15
4322,284,2023-10-26,163437,16
4323,284,2023-11-29,163437,17
4324,285,2021-05-19,126564,1
4325,285,2021-06-16,126564,2
4326,285,2021-07-17,126564,3
4327,285,2021-08-19,126564,4
4328,285,2021-09-22,126564,5
4329,285,2021-10-19,126564,6
4330,285,2021-11-17,126564,7
4331,285,2021-12-16,126564,8
4332,285,2022-01-18,126564,9
4333,285,2022-02-19,126564,10
4334,285,2022-03-19,126564,11
4335,285,2022-04-21,126564,12
4336,285,2022-05-18,126564,13
4337,285,2022-06-17,126564,14
4338,285,2022-07-22,126564,15
4339,285,2022-08-16,126564,16
4340,285,2022-09-21,126564,17
4341,285,2022-10-17,126564,18
4342,285,2022-11-20,126564,19
4343,285,2022-12-22,126564,20
4344,285,2023-01-19,126564,21
4345,285,2023-02-20,126564,22
4346,285,2023-03-19,126564,23
4347,285,2023-04-19,126564,24
4348,285,2023-05-20,126564,25
4349,285,2023-06-22,126564,26
4350,285,2023-07-20,126564,27
4351,285,2023-08-17,126564,28
4352,285,2023-09-21,126564,29
4353,285,2023-10-21,126564,30
4354,285,2023-11-20,126564,31
4355,285,2023-12-17,126564,32
4356,285,2024-01-21,126564,33
4357,285,2024-02-17,126564,34
4358,285,2024-03-17,126564,35
4359,285,2024-04-19,126564,36
4360,285,2024-05-21,126564,37
4361,285,2024-06-21,126564,38
4362,285,2024-07-19,126564,39
4363,285,2024-08-20,126564,40
4364,285,2024-09-19,126564,41
4365,285,2024-10-21,126564,42
4366,285,2024-11-21,126564,43
4367,286,2019-03-23,41368613,1
4368,287,2019-05-20,288877,1
4369,287,2019-06-22,288877,2
4370,287,2019-07-23,288877,3
4371,287,2019-08-23,288877,4
4372,287,2019-09-22,288877,5
4373,287,2019-10-22,288877,6
4374,287,2019-11-20,288877,7
4375,287,2019-12-17,288877,8
4376,287,2020-01-21,288877,9
4377,287,2020-02-23,288877,10
4378,287,2020-03-22,288877,11
4379,287,2020-04-21,288877,12
4380,287,2020-05-23,288877,13
4381,287,2020-06-22,288877,14
4382,287,2020-07-23,288877,15
4383,287,2020-08-20,288877,16
4384,287,2020-09-17,288877,17
4385,287,2020-10-17,288877,18
4386,287,2020-11-22,288877,19
4387,287,2020-12-23,288877,20
4388,287,2021-01-20,288877,21
4389,287,2021-02-18,288877,22
4390,287,2021-03-21,288877,23
4391,287,2021-04-21,288877,24
4392,287,2021-05-19,288877,25
4393,287,2021-06-20,288877,26
4394,287,2021-07-23,288877,27
4395,287,2021-08-19,288877,28
4396,287,2021-09-22,288877,29
4397,287,2021-10-23,288877,30
4398,287,2021-11-19,288877,31
4399,287,2021-12-17,288877,32
4400,287,2022-01-21,288877,33
4401,287,2022-02-23,288877,34
4402,287,2022-03-19,288877,35
4403,287,2022-04-17,288877,36
4404,287,2022-05-20,288877,37
4405,287,2022-06-19,288877,38
4406,287,2022-07-22,288877,39
4407,287,2022-08-22,288877,40
4408,287,2022-09-22,288877,41
4409,287,2022-10-23,288877,42
4410,287,2022-11-21,288877,43
4411,287,2022-12-19,288877,44
4412,287,2023-01-20,288877,45
4413,288,2024-06-04,312805,1
4414,288,2024-07-03,312805,2
4415,288,2024-07-31,312805,3
4416,288,2024-08-31,312805,4
4417,288,2024-10-04,312805,5
4418,288,2024-11-03,312805,6
4419,288,2024-12-03,312805,7
4420,288,2025-01-01,312805,8
4421,288,2025-02-05,312805,9
4422,288,2025-03-02,312805,10
4423,288,2025-04-06,312805,11
4424,288,2025-05-04,312805,12
4425,288,2025-06-02,312805,13
4426,288,2025-07-02,312805,14
4427,288,2025-08-04,312805,15
4428,288,2025-09-03,312805,16
4429,289,2025-05-18,51130369,1
4430,290,2025-05-18,41267276,1
4431,291,2025-10-08,200000,1
4432,291,2025-11-05,200000,2
4433,291,2025-12-07,200000,3
4434,291,2026-01-08,200000,4
4435,291,2026-02-07,200000,5
4436,291,2026-03-09,200000,6
4437,291,2026-04-07,200000,7
4438,291,2026-05-08,200000,8
4439,292,2016-09-26,200000,1
4440,292,2016-10-22,200000,2
4441,292,2016-11-26,200000,3
4442,292,2016-12-27,200000,4
4443,292,2017-01-28,200000,5
4444,292,2017-02-22,200000,6
4445,292,2017-03-28,200000,7
4446,292,2017-04-27,200000,8
4447,292,2017-05-23,200000,9
4448,292,2017-06-26,200000,10
4449,292,2017-07-26,200000,11
4450,292,2017-08-25,200000,12
4451,292,2017-09-24,200000,13
4452,292,2017-10-22,200000,14
4453,292,2017-11-28,200000,15
4454,292,2017-12-22,200000,16
4455,292,2018-01-25,200000,17
4456,292,2018-02-25,200000,18
4457,292,2018-03-28,200000,19
4458,292,2018-04-24,200000,20
4459,292,2018-05-28,200000,21
4460,292,2018-06-28,200000,22
4461,292,2018-07-27,200000,23
4462,292,2018-08-24,200000,24
4463,292,2018-09-26,200000,25
4464,292,2018-10-27,200000,26
4465,292,2018-11-23,200000,27
4466,292,2018-12-24,200000,28
4467,292,2019-01-25,200000,29
4468,292,2019-02-27,200000,30
4469,292,2019-03-24,200000,31
4470,292,2019-04-22,200000,32
4471,292,2019-05-28,200000,33
4472,292,2019-06-23,200000,34
4473,292,2019-07-26,200000,35
4474,292,2019-08-28,200000,36
4475,292,2019-09-22,200000,37
4476,292,2019-10-22,200000,38
4477,292,2019-11-23,200000,39
4478,292,2019-12-26,200000,40
4479,292,2020-01-25,200000,41
4480,292,2020-02-27,200000,42
4481,292,2020-03-26,200000,43
4482,293,2021-05-19,587854,1
4483,293,2021-06-18,587854,2
4484,293,2021-07-21,587854,3
4485,293,2021-08-18,587854,4
4486,293,2021-09-21,587854,5
4487,293,2021-10-18,587854,6
4488,293,2021-11-20,587854,7
4489,293,2021-12-18,587854,8
4490,293,2022-01-20,587854,9
4491,293,2022-02-20,587854,10
4492,293,2022-03-19,587854,11
4493,293,2022-04-16,587854,12
4494,293,2022-05-21,587854,13
4495,293,2022-06-19,587854,14
4496,293,2022-07-19,587854,15
4497,293,2022-08-22,587854,16
4498,293,2022-09-20,587854,17
4499,293,2022-10-20,587854,18
4500,293,2022-11-21,587854,19
4501,293,2022-12-18,587854,20
4502,293,2023-01-18,587854,21
4503,293,2023-02-19,587854,22
4504,293,2023-03-17,587854,23
4505,293,2023-04-17,587854,24
4506,293,2023-05-18,587854,25
4507,293,2023-06-17,587854,26
4508,293,2023-07-22,587854,27
4509,293,2023-08-18,587854,28
4510,293,2023-09-20,587854,29
4511,293,2023-10-19,587854,30
4512,293,2023-11-16,587854,31
4513,293,2023-12-19,587854,32
4514,293,2024-01-18,587854,33
4515,293,2024-02-22,587854,34
4516,293,2024-03-18,587854,35
4517,293,2024-04-19,587854,36
4518,293,2024-05-22,587854,37
4519,293,2024-06-22,587854,38
4520,293,2024-07-22,587854,39
4521,294,2026-01-24,324613,1
4522,294,2026-02-25,324613,2
4523,294,2026-03-24,324613,3
4524,294,2026-04-21,324613,4
4525,295,2022-03-23,121972,1
4526,295,2022-04-25,121972,2
4527,295,2022-05-21,121972,3
4528,295,2022-06-22,121972,4
4529,295,2022-07-22,121972,5
4530,295,2022-08-25,121972,6
4531,295,2022-09-25,121972,7
4532,295,2022-10-23,121972,8
4533,295,2022-11-25,121972,9
4534,295,2022-12-20,121972,10
4535,295,2023-01-21,121972,11
4536,295,2023-02-23,121972,12
4537,295,2023-03-20,121972,13
4538,295,2023-04-22,121972,14
4539,295,2023-05-22,121972,15
4540,295,2023-06-23,121972,16
4541,295,2023-07-25,121972,17
4542,295,2023-08-26,121972,18
4543,295,2023-09-26,121972,19
4544,295,2023-10-22,121972,20
4545,296,2021-09-23,300000,1
4546,296,2021-10-20,300000,2
4547,296,2021-11-19,300000,3
4548,296,2021-12-19,300000,4
4549,297,2018-09-28,300000,1
4550,297,2018-10-30,300000,2
4551,297,2018-11-25,300000,3
4552,297,2018-12-31,300000,4
4553,297,2019-01-28,300000,5
4554,297,2019-02-25,300000,6
4555,297,2019-03-25,300000,7
4556,297,2019-04-25,300000,8
4557,297,2019-05-30,300000,9
4558,297,2019-06-29,300000,10
4559,297,2019-07-30,300000,11
4560,297,2019-08-26,300000,12
4561,297,2019-09-28,300000,13
4562,297,2019-10-29,300000,14
4563,297,2019-11-29,300000,15
4564,297,2019-12-29,300000,16
4565,297,2020-01-31,300000,17
4566,297,2020-02-29,300000,18
4567,297,2020-03-30,300000,19
4568,297,2020-04-29,300000,20
4569,297,2020-05-27,300000,21
4570,297,2020-06-28,300000,22
4571,298,2024-03-23,300000,1
4572,298,2024-04-23,300000,2
4573,298,2024-05-25,300000,3
4574,298,2024-06-21,300000,4
4575,298,2024-07-23,300000,5
4576,298,2024-08-23,300000,6
4577,298,2024-09-24,300000,7
4578,298,2024-10-26,300000,8
4579,298,2024-11-20,300000,9
4580,298,2024-12-26,300000,10
4581,298,2025-01-20,300000,11
4582,298,2025-02-22,300000,12
4583,299,2021-05-19,287806,1
4584,299,2021-06-17,287806,2
4585,299,2021-07-21,287806,3
4586,299,2021-08-21,287806,4
4587,299,2021-09-19,287806,5
4588,299,2021-10-18,287806,6
4589,299,2021-11-18,287806,7
4590,299,2021-12-20,287806,8
4591,299,2022-01-20,287806,9
4592,299,2022-02-21,287806,10
4593,300,2026-04-28,300000,1
4594,301,2023-12-24,38871433,1
4595,302,2020-05-27,37540379,1
4596,303,2023-06-24,41266124,1
4597,304,2017-12-06,29860757,1
4598,305,2020-01-01,16743746,1
4599,306,2021-10-29,107877,1
4600,306,2021-12-01,107877,2
4601,306,2021-12-30,107877,3
4602,306,2022-01-25,107877,4
4603,306,2022-02-27,107877,5
4604,306,2022-03-30,107877,6
4605,306,2022-04-26,107877,7
4606,306,2022-05-27,107877,8
4607,306,2022-07-01,107877,9
4608,306,2022-07-29,107877,10
4609,306,2022-08-30,107877,11
4610,306,2022-09-28,107877,12
4611,306,2022-10-26,107877,13
4612,307,2020-02-22,200000,1
4613,307,2020-03-23,200000,2
4614,307,2020-04-19,200000,3
4615,307,2020-05-23,200000,4
4616,307,2020-06-24,200000,5
4617,307,2020-07-24,200000,6
4618,307,2020-08-19,200000,7
4619,307,2020-09-22,200000,8
4620,307,2020-10-24,200000,9
4621,307,2020-11-22,200000,10
4622,307,2020-12-21,200000,11
4623,307,2021-01-19,200000,12
4624,307,2021-02-25,200000,13
4625,307,2021-03-24,200000,14
4626,307,2021-04-20,200000,15
4627,307,2021-05-21,200000,16
4628,307,2021-06-22,200000,17
4629,307,2021-07-24,200000,18
4630,307,2021-08-19,200000,19
4631,307,2021-09-25,200000,20
4632,307,2021-10-23,200000,21
4633,307,2021-11-25,200000,22
4634,307,2021-12-20,200000,23
4635,307,2022-01-22,200000,24
4636,307,2022-02-21,200000,25
4637,307,2022-03-25,200000,26
4638,307,2022-04-19,200000,27
4639,307,2022-05-20,200000,28
4640,307,2022-06-19,200000,29
4641,307,2022-07-24,200000,30
4642,307,2022-08-23,200000,31
4643,307,2022-09-21,200000,32
4644,307,2022-10-19,200000,33
4645,307,2022-11-22,200000,34
4646,307,2022-12-24,200000,35
4647,307,2023-01-24,200000,36
4648,307,2023-02-21,200000,37
4649,307,2023-03-24,200000,38
4650,307,2023-04-22,200000,39
4651,307,2023-05-19,200000,40
4652,307,2023-06-21,200000,41
4653,307,2023-07-24,200000,42
4654,307,2023-08-24,200000,43
4655,307,2023-09-22,200000,44
4656,308,2021-05-22,300000,1
4657,308,2021-06-20,300000,2
4658,308,2021-07-17,300000,3
4659,308,2021-08-21,300000,4
4660,308,2021-09-18,300000,5
4661,308,2021-10-19,300000,6
4662,308,2021-11-16,300000,7
4663,308,2021-12-16,300000,8
4664,308,2022-01-19,300000,9
4665,308,2022-02-20,300000,10
4666,309,2021-05-22,300000,1
4667,309,2021-06-16,300000,2
4668,309,2021-07-17,300000,3
4669,309,2021-08-22,300000,4
4670,309,2021-09-21,300000,5
4671,309,2021-10-16,300000,6
4672,309,2021-11-17,300000,7
4673,309,2021-12-16,300000,8
4674,309,2022-01-16,300000,9
4675,309,2022-02-17,300000,10
4676,309,2022-03-17,300000,11
4677,310,2020-11-20,105349,1
4678,310,2020-12-20,105349,2
4679,310,2021-01-19,105349,3
4680,310,2021-02-19,105349,4
4681,310,2021-03-19,105349,5
4682,310,2021-04-22,105349,6
4683,310,2021-05-17,105349,7
4684,310,2021-06-18,105349,8
4685,310,2021-07-20,105349,9
4686,310,2021-08-20,105349,10
4687,310,2021-09-21,105349,11
4688,310,2021-10-19,105349,12
4689,310,2021-11-23,105349,13
4690,310,2021-12-19,105349,14
4691,310,2022-01-19,105349,15
4692,310,2022-02-23,105349,16
4693,310,2022-03-20,105349,17
4694,310,2022-04-21,105349,18
4695,310,2022-05-17,105349,19
4696,310,2022-06-23,105349,20
4697,310,2022-07-22,105349,21
4698,310,2022-08-18,105349,22
4699,310,2022-09-23,105349,23
4700,310,2022-10-17,105349,24
4701,310,2022-11-20,105349,25
4702,310,2022-12-22,105349,26
4703,310,2023-01-22,105349,27
4704,310,2023-02-22,105349,28
4705,310,2023-03-19,105349,29
4706,310,2023-04-18,105349,30
4707,310,2023-05-20,105349,31
4708,310,2023-06-20,105349,32
4709,310,2023-07-22,105349,33
4710,310,2023-08-20,105349,34
4711,310,2023-09-18,105349,35
4712,310,2023-10-18,105349,36
4713,310,2023-11-21,105349,37
4714,310,2023-12-23,105349,38
4715,310,2024-01-23,105349,39
4716,310,2024-02-21,105349,40
4717,310,2024-03-17,105349,41
4718,310,2024-04-23,105349,42
4719,310,2024-05-18,105349,43
4720,310,2024-06-18,105349,44
4721,310,2024-07-23,105349,45
4722,310,2024-08-18,105349,46
4723,310,2024-09-21,105349,47
4724,310,2024-10-22,105349,48
4725,310,2024-11-22,105349,49
4726,311,2022-02-26,227317,1
4727,311,2022-03-23,227317,2
4728,311,2022-04-27,227317,3
4729,311,2022-05-25,227317,4
4730,311,2022-06-27,227317,5
4731,311,2022-07-25,227317,6
4732,312,2020-04-30,191271,1
4733,312,2020-05-27,191271,2
4734,312,2020-06-30,191271,3
4735,312,2020-07-29,191271,4
4736,312,2020-09-01,191271,5
4737,312,2020-09-28,191271,6
4738,312,2020-10-30,191271,7
4739,312,2020-11-27,191271,8
4740,312,2021-01-02,191271,9
4741,313,2022-08-08,30098256,1
4742,314,2016-07-20,36522813,1
4743,315,2025-09-02,47228496,1
4744,316,2024-05-18,28679853,1
4745,317,2024-05-20,245431,1
4746,317,2024-06-17,245431,2
4747,317,2024-07-19,245431,3
4748,317,2024-08-16,245431,4
4749,317,2024-09-21,245431,5
4750,317,2024-10-20,245431,6
4751,317,2024-11-19,245431,7
4752,317,2024-12-20,245431,8
4753,317,2025-01-15,245431,9
4754,317,2025-02-16,245431,10
4755,317,2025-03-15,245431,11
4756,317,2025-04-16,245431,12
4757,318,2025-04-06,300000,1
4758,318,2025-05-06,300000,2
4759,318,2025-06-06,300000,3
4760,318,2025-07-04,300000,4
4761,318,2025-08-04,300000,5
4762,318,2025-09-06,300000,6
4763,318,2025-10-04,300000,7
4764,318,2025-11-06,300000,8
4765,318,2025-12-06,300000,9
4766,318,2026-01-07,300000,10
4767,319,2018-05-23,300000,1
4768,319,2018-06-17,300000,2
4769,319,2018-07-21,300000,3
4770,319,2018-08-22,300000,4
4771,319,2018-09-22,300000,5
4772,319,2018-10-19,300000,6
4773,319,2018-11-23,300000,7
4774,319,2018-12-17,300000,8
4775,319,2019-01-19,300000,9
4776,319,2019-02-20,300000,10
4777,319,2019-03-18,300000,11
4778,319,2019-04-22,300000,12
4779,320,2018-05-20,257076,1
4780,320,2018-06-19,257076,2
4781,320,2018-07-19,257076,3
4782,320,2018-08-20,257076,4
4783,320,2018-09-17,257076,5
4784,320,2018-10-18,257076,6
4785,320,2018-11-23,257076,7
4786,320,2018-12-17,257076,8
4787,320,2019-01-17,257076,9
4788,320,2019-02-22,257076,10
4789,321,2018-11-26,153124,1
4790,321,2018-12-21,153124,2
4791,321,2019-01-22,153124,3
4792,321,2019-02-23,153124,4
4793,321,2019-03-22,153124,5
4794,321,2019-04-21,153124,6
4795,321,2019-05-23,153124,7
4796,321,2019-06-20,153124,8
4797,321,2019-07-21,153124,9
4798,321,2019-08-24,153124,10
4799,321,2019-09-25,153124,11
4800,321,2019-10-21,153124,12
4801,321,2019-11-23,153124,13
4802,321,2019-12-26,153124,14
4803,321,2020-01-25,153124,15
4804,321,2020-02-21,153124,16
4805,321,2020-03-20,153124,17
4806,321,2020-04-26,153124,18
4807,321,2020-05-20,153124,19
4808,321,2020-06-24,153124,20
4809,321,2020-07-26,153124,21
4810,321,2020-08-22,153124,22
4811,321,2020-09-26,153124,23
4812,321,2020-10-25,153124,24
4813,321,2020-11-26,153124,25
4814,321,2020-12-23,153124,26
4815,321,2021-01-23,153124,27
4816,321,2021-02-22,153124,28
4817,321,2021-03-26,153124,29
4818,321,2021-04-20,153124,30
4819,321,2021-05-20,153124,31
4820,322,2018-10-25,300000,1
4821,322,2018-11-27,300000,2
4822,322,2018-12-27,300000,3
4823,322,2019-01-24,300000,4
4824,322,2019-02-28,300000,5
4825,322,2019-03-22,300000,6
4826,322,2019-04-27,300000,7
4827,322,2019-05-26,300000,8
4828,322,2019-06-25,300000,9
4829,322,2019-07-28,300000,10
4830,322,2019-08-26,300000,11
4831,322,2019-09-22,300000,12
4832,322,2019-10-24,300000,13
4833,322,2019-11-27,300000,14
4834,322,2019-12-26,300000,15
4835,322,2020-01-28,300000,16
4836,322,2020-02-23,300000,17
4837,322,2020-03-25,300000,18
4838,322,2020-04-28,300000,19
4839,322,2020-05-26,300000,20
4840,322,2020-06-25,300000,21
4841,322,2020-07-27,300000,22
4842,322,2020-08-23,300000,23
4843,322,2020-09-24,300000,24
4844,322,2020-10-28,300000,25
4845,322,2020-11-24,300000,26
4846,322,2020-12-23,300000,27
4847,322,2021-01-25,300000,28
4848,322,2021-02-27,300000,29
4849,322,2021-03-26,300000,30
4850,322,2021-04-23,300000,31
4851,322,2021-05-22,300000,32
4852,322,2021-06-25,300000,33
4853,323,2018-05-21,186208,1
4854,323,2018-06-19,186208,2
4855,323,2018-07-23,186208,3
4856,323,2018-08-19,186208,4
4857,323,2018-09-19,186208,5
4858,323,2018-10-18,186208,6
4859,323,2018-11-20,186208,7
4860,323,2018-12-21,186208,8
4861,323,2019-01-23,186208,9
4862,323,2019-02-19,186208,10
4863,323,2019-03-22,186208,11
4864,323,2019-04-20,186208,12
4865,323,2019-05-23,186208,13
4866,323,2019-06-22,186208,14
4867,323,2019-07-21,186208,15
4868,323,2019-08-21,186208,16
4869,323,2019-09-19,186208,17
4870,323,2019-10-19,186208,18
4871,323,2019-11-23,186208,19
4872,323,2019-12-18,186208,20
4873,323,2020-01-20,186208,21
4874,323,2020-02-23,186208,22
4875,323,2020-03-20,186208,23
4876,323,2020-04-19,186208,24
4877,323,2020-05-21,186208,25
4878,323,2020-06-19,186208,26
4879,323,2020-07-21,186208,27
4880,323,2020-08-23,186208,28
4881,323,2020-09-21,186208,29
4882,323,2020-10-19,186208,30
4883,323,2020-11-17,186208,31
4884,323,2020-12-20,186208,32
4885,323,2021-01-22,186208,33
4886,324,2018-09-10,197046,1
4887,324,2018-10-11,197046,2
4888,324,2018-11-10,197046,3
4889,324,2018-12-12,197046,4
4890,324,2019-01-10,197046,5
4891,324,2019-02-07,197046,6
4892,324,2019-03-10,197046,7
4893,324,2019-04-08,197046,8
4894,324,2019-05-07,197046,9
4895,324,2019-06-08,197046,10
4896,324,2019-07-12,197046,11
4897,324,2019-08-07,197046,12
4898,324,2019-09-12,197046,13
4899,325,2022-07-13,642559,1
4900,325,2022-08-09,642559,2
4901,325,2022-09-15,642559,3
4902,325,2022-10-15,642559,4
4903,325,2022-11-15,642559,5
4904,325,2022-12-14,642559,6
4905,325,2023-01-10,642559,7
4906,325,2023-02-09,642559,8
4907,325,2023-03-14,642559,9
4908,325,2023-04-09,642559,10
4909,325,2023-05-13,642559,11
4910,325,2023-06-12,642559,12
4911,325,2023-07-09,642559,13
4912,325,2023-08-10,642559,14
4913,325,2023-09-11,642559,15
4914,325,2023-10-14,642559,16
4915,325,2023-11-09,642559,17
4916,325,2023-12-09,642559,18
4917,325,2024-01-10,642559,19
4918,325,2024-02-12,642559,20
4919,325,2024-03-09,642559,21
4920,325,2024-04-09,642559,22
4921,325,2024-05-12,642559,23
4922,325,2024-06-10,642559,24
4923,325,2024-07-14,642559,25
4924,325,2024-08-14,642559,26
4925,325,2024-09-09,642559,27
4926,325,2024-10-12,642559,28
4927,325,2024-11-09,642559,29
4928,325,2024-12-15,642559,30
4929,325,2025-01-11,642559,31
4930,325,2025-02-14,642559,32
4931,326,2022-09-02,300000,1
4932,326,2022-10-05,300000,2
4933,326,2022-10-30,300000,3
4934,326,2022-12-02,300000,4
4935,326,2023-01-02,300000,5
4936,326,2023-01-30,300000,6
4937,326,2023-03-02,300000,7
4938,326,2023-04-04,300000,8
4939,326,2023-04-29,300000,9
4940,326,2023-05-31,300000,10
4941,326,2023-07-01,300000,11
4942,326,2023-07-31,300000,12
4943,326,2023-09-04,300000,13
4944,326,2023-10-05,300000,14
4945,326,2023-11-04,300000,15
4946,326,2023-12-03,300000,16
4947,326,2024-01-03,300000,17
4948,326,2024-02-03,300000,18
4949,326,2024-02-28,300000,19
4950,326,2024-04-02,300000,20
4951,326,2024-05-04,300000,21
4952,326,2024-05-31,300000,22
4953,326,2024-07-05,300000,23
4954,326,2024-07-31,300000,24
4955,326,2024-08-31,300000,25
4956,326,2024-09-30,300000,26
4957,326,2024-11-05,300000,27
4958,326,2024-12-03,300000,28
4959,326,2024-12-31,300000,29
4960,326,2025-02-05,300000,30
4961,326,2025-03-05,300000,31
4962,327,2023-12-11,300000,1
4963,327,2024-01-09,300000,2
4964,327,2024-02-07,300000,3
4965,327,2024-03-08,300000,4
4966,327,2024-04-12,300000,5
4967,327,2024-05-11,300000,6
4968,327,2024-06-09,300000,7
4969,327,2024-07-12,300000,8
4970,327,2024-08-10,300000,9
4971,327,2024-09-08,300000,10
4972,327,2024-10-09,300000,11
4973,327,2024-11-10,300000,12
4974,327,2024-12-13,300000,13
4975,327,2025-01-07,300000,14
4976,327,2025-02-10,300000,15
4977,328,2024-11-29,877395,1
4978,328,2024-12-26,877395,2
4979,328,2025-01-26,877395,3
4980,328,2025-02-26,877395,4
4981,328,2025-03-25,877395,5
4982,328,2025-04-23,877395,6
4983,328,2025-05-25,877395,7
4984,328,2025-06-26,877395,8
4985,328,2025-07-25,877395,9
4986,328,2025-08-26,877395,10
4987,328,2025-09-27,877395,11
4988,328,2025-10-28,877395,12
4989,329,2020-02-08,771242,1
4990,329,2020-03-06,771242,2
4991,329,2020-04-03,771242,3
4992,329,2020-05-08,771242,4
4993,329,2020-06-02,771242,5
4994,329,2020-07-08,771242,6
4995,329,2020-08-04,771242,7
4996,329,2020-09-04,771242,8
4997,329,2020-10-04,771242,9
4998,329,2020-11-08,771242,10
4999,329,2020-12-06,771242,11
5000,329,2021-01-03,771242,12
5001,329,2021-02-07,771242,13
5002,329,2021-03-07,771242,14
5003,329,2021-04-07,771242,15
5004,329,2021-05-06,771242,16
5005,329,2021-06-05,771242,17
5006,329,2021-07-02,771242,18
5007,329,2021-08-02,771242,19
5008,329,2021-09-04,771242,20
5009,329,2021-10-04,771242,21
5010,329,2021-11-08,771242,22
5011,329,2021-12-07,771242,23
5012,329,2022-01-08,771242,24
5013,329,2022-02-07,771242,25
5014,329,2022-03-04,771242,26
5015,329,2022-04-03,771242,27
5016,330,2025-07-03,269554,1
5017,331,2020-09-07,312900,1
5018,331,2020-10-07,312900,2
5019,331,2020-11-06,312900,3
5020,331,2020-12-05,312900,4
5021,331,2021-01-02,312900,5
5022,331,2021-02-05,312900,6
5023,331,2021-03-01,312900,7
5024,331,2021-04-01,312900,8
5025,331,2021-05-01,312900,9
5026,331,2021-06-06,312900,10
5027,331,2021-07-07,312900,11
5028,331,2021-08-03,312900,12
5029,331,2021-09-07,312900,13
5030,331,2021-10-03,312900,14
5031,331,2021-11-03,312900,15
5032,331,2021-12-07,312900,16
5033,331,2022-01-06,312900,17
5034,331,2022-02-05,312900,18
5035,331,2022-03-03,312900,19
5036,331,2022-04-02,312900,20
5037,331,2022-05-07,312900,21
5038,332,2023-12-29,174872,1
5039,332,2024-01-26,174872,2
5040,332,2024-02-27,174872,3
5041,332,2024-03-26,174872,4
5042,332,2024-05-01,174872,5
5043,332,2024-05-27,174872,6
5044,332,2024-06-30,174872,7
5045,332,2024-07-29,174872,8
5046,332,2024-08-30,174872,9
5047,332,2024-10-01,174872,10
5048,332,2024-10-28,174872,11
5049,332,2024-11-30,174872,12
5050,332,2024-12-30,174872,13
5051,332,2025-01-28,174872,14
5052,332,2025-02-27,174872,15
5053,332,2025-03-28,174872,16
5054,332,2025-04-29,174872,17
5055,332,2025-05-30,174872,18
5056,333,2023-05-19,199565,1
5057,333,2023-06-22,199565,2
5058,333,2023-07-18,199565,3
5059,333,2023-08-17,199565,4
5060,334,2023-07-12,132329,1
5061,334,2023-08-12,132329,2
5062,334,2023-09-08,132329,3
5063,334,2023-10-10,132329,4
5064,334,2023-11-09,132329,5
5065,334,2023-12-07,132329,6
5066,335,2020-10-14,104672,1
5067,335,2020-11-17,104672,2
5068,335,2020-12-13,104672,3
5069,335,2021-01-11,104672,4
5070,335,2021-02-16,104672,5
5071,335,2021-03-13,104672,6
5072,335,2021-04-11,104672,7
5073,335,2021-05-11,104672,8
5074,335,2021-06-12,104672,9
5075,335,2021-07-13,104672,10
5076,335,2021-08-11,104672,11
5077,335,2021-09-12,104672,12
5078,335,2021-10-14,104672,13
5079,335,2021-11-17,104672,14
5080,335,2021-12-12,104672,15
5081,335,2022-01-12,104672,16
5082,335,2022-02-11,104672,17
5083,335,2022-03-15,104672,18
5084,335,2022-04-15,104672,19
5085,335,2022-05-16,104672,20
5086,335,2022-06-15,104672,21
5087,335,2022-07-12,104672,22
5088,335,2022-08-16,104672,23
5089,335,2022-09-11,104672,24
5090,335,2022-10-13,104672,25
5091,335,2022-11-17,104672,26
5092,335,2022-12-17,104672,27
5093,335,2023-01-12,104672,28
5094,336,2023-05-06,636854,1
5095,336,2023-06-05,636854,2
5096,336,2023-07-03,636854,3
5097,336,2023-08-06,636854,4
5098,336,2023-09-02,636854,5
5099,336,2023-10-03,636854,6
5100,336,2023-11-07,636854,7
5101,336,2023-12-05,636854,8
5102,336,2024-01-03,636854,9
5103,336,2024-02-01,636854,10
5104,336,2024-03-03,636854,11
5105,336,2024-04-02,636854,12
5106,336,2024-05-01,636854,13
5107,336,2024-06-04,636854,14
5108,336,2024-07-05,636854,15
5109,336,2024-08-05,636854,16
5110,336,2024-09-03,636854,17
5111,336,2024-10-06,636854,18
5112,336,2024-11-01,636854,19
5113,336,2024-12-04,636854,20
5114,336,2025-01-01,636854,21
5115,336,2025-02-05,636854,22
5116,336,2025-03-01,636854,23
5117,336,2025-04-04,636854,24
5118,336,2025-05-06,636854,25
5119,336,2025-06-03,636854,26
5120,336,2025-07-02,636854,27
5121,336,2025-08-01,636854,28
5122,336,2025-09-02,636854,29
5123,337,2018-05-20,580937,1
5124,337,2018-06-20,580937,2
5125,337,2018-07-19,580937,3
5126,337,2018-08-22,580937,4
5127,337,2018-09-19,580937,5
5128,337,2018-10-17,580937,6
5129,337,2018-11-21,580937,7
5130,337,2018-12-21,580937,8
5131,337,2019-01-17,580937,9
5132,337,2019-02-23,580937,10
5133,337,2019-03-21,580937,11
5134,337,2019-04-18,580937,12
5135,337,2019-05-21,580937,13
5136,337,2019-06-21,580937,14
5137,337,2019-07-17,580937,15
5138,337,2019-08-23,580937,16
5139,337,2019-09-20,580937,17
5140,337,2019-10-21,580937,18
5141,337,2019-11-22,580937,19
5142,337,2019-12-21,580937,20
5143,337,2020-01-20,580937,21
5144,337,2020-02-17,580937,22
5145,337,2020-03-20,580937,23
5146,337,2020-04-17,580937,24
5147,337,2020-05-18,580937,25
5148,337,2020-06-17,580937,26
5149,337,2020-07-18,580937,27
5150,337,2020-08-18,580937,28
5151,337,2020-09-17,580937,29
5152,337,2020-10-22,580937,30
5153,337,2020-11-19,580937,31
5154,337,2020-12-17,580937,32
5155,337,2021-01-21,580937,33
5156,338,2023-10-26,706881,1
5157,338,2023-11-25,706881,2
5158,338,2023-12-28,706881,3
5159,338,2024-01-23,706881,4
5160,338,2024-02-28,706881,5
5161,338,2024-03-23,706881,6
5162,338,2024-04-26,706881,7
5163,338,2024-05-26,706881,8
5164,339,2023-06-19,621431,1
5165,339,2023-07-14,621431,2
5166,339,2023-08-17,621431,3
5167,339,2023-09-15,621431,4
5168,339,2023-10-17,621431,5
5169,339,2023-11-17,621431,6
5170,339,2023-12-18,621431,7
5171,339,2024-01-14,621431,8
5172,339,2024-02-20,621431,9
5173,339,2024-03-20,621431,10
5174,339,2024-04-17,621431,11
5175,339,2024-05-20,621431,12
5176,339,2024-06-14,621431,13
5177,339,2024-07-18,621431,14
5178,339,2024-08-14,621431,15
5179,339,2024-09-15,621431,16
5180,339,2024-10-17,621431,17
5181,339,2024-11-14,621431,18
5182,339,2024-12-20,621431,19
5183,339,2025-01-16,621431,20
5184,339,2025-02-14,621431,21
5185,339,2025-03-17,621431,22
5186,339,2025-04-18,621431,23
5187,340,2026-02-18,100157,1
5188,340,2026-03-19,100157,2
5189,340,2026-04-16,100157,3
5190,340,2026-05-19,100157,4
5191,341,2025-05-18,300000,1
5192,341,2025-06-19,300000,2
5193,341,2025-07-19,300000,3
5194,341,2025-08-20,300000,4
5195,341,2025-09-17,300000,5
5196,341,2025-10-19,300000,6
5197,341,2025-11-20,300000,7
5198,341,2025-12-16,300000,8
5199,341,2026-01-17,300000,9
5200,341,2026-02-19,300000,10
5201,341,2026-03-21,300000,11
5202,341,2026-04-15,300000,12
5203,341,2026-05-16,300000,13
5204,342,2025-05-18,300000,1
5205,342,2025-06-17,300000,2
5206,342,2025-07-20,300000,3
5207,342,2025-08-21,300000,4
5208,342,2025-09-15,300000,5
5209,342,2025-10-15,300000,6
5210,342,2025-11-15,300000,7
5211,342,2025-12-19,300000,8
5212,342,2026-01-18,300000,9
5213,343,2017-05-23,300000,1
5214,343,2017-06-17,300000,2
5215,343,2017-07-23,300000,3
5216,343,2017-08-18,300000,4
5217,343,2017-09-20,300000,5
5218,343,2017-10-20,300000,6
5219,343,2017-11-23,300000,7
5220,343,2017-12-17,300000,8
5221,343,2018-01-21,300000,9
5222,343,2018-02-18,300000,10
5223,343,2018-03-17,300000,11
5224,343,2018-04-21,300000,12
5225,343,2018-05-18,300000,13
5226,343,2018-06-23,300000,14
5227,343,2018-07-20,300000,15
5228,343,2018-08-18,300000,16
5229,343,2018-09-23,300000,17
5230,343,2018-10-22,300000,18
5231,343,2018-11-19,300000,19
5232,343,2018-12-18,300000,20
5233,343,2019-01-19,300000,21
5234,343,2019-02-18,300000,22
5235,343,2019-03-19,300000,23
5236,343,2019-04-22,300000,24
5237,343,2019-05-20,300000,25
5238,343,2019-06-21,300000,26
5239,343,2019-07-19,300000,27
5240,343,2019-08-22,300000,28
5241,343,2019-09-19,300000,29
5242,343,2019-10-20,300000,30
5243,343,2019-11-19,300000,31
5244,343,2019-12-22,300000,32
5245,343,2020-01-23,300000,33
5246,343,2020-02-22,300000,34
5247,343,2020-03-17,300000,35
5248,344,2020-09-16,300000,1
5249,344,2020-10-15,300000,2
5250,344,2020-11-19,300000,3
5251,344,2020-12-18,300000,4
5252,344,2021-01-13,300000,5
5253,344,2021-02-18,300000,6
5254,344,2021-03-17,300000,7
5255,344,2021-04-15,300000,8
5256,344,2021-05-15,300000,9
5257,344,2021-06-17,300000,10
5258,344,2021-07-17,300000,11
5259,344,2021-08-14,300000,12
5260,344,2021-09-17,300000,13
5261,344,2021-10-16,300000,14
5262,344,2021-11-17,300000,15
5263,344,2021-12-16,300000,16
5264,344,2022-01-17,300000,17
5265,344,2022-02-14,300000,18
5266,344,2022-03-16,300000,19
5267,344,2022-04-13,300000,20
5268,344,2022-05-16,300000,21
5269,344,2022-06-19,300000,22
5270,344,2022-07-14,300000,23
5271,344,2022-08-18,300000,24
5272,344,2022-09-16,300000,25
5273,344,2022-10-19,300000,26
5274,344,2022-11-19,300000,27
5275,344,2022-12-19,300000,28
5276,344,2023-01-17,300000,29
5277,344,2023-02-19,300000,30
5278,344,2023-03-17,300000,31
5279,344,2023-04-18,300000,32
5280,344,2023-05-14,300000,33
5281,344,2023-06-15,300000,34
5282,344,2023-07-17,300000,35
5283,345,2025-05-21,99844,1
5284,345,2025-06-20,99844,2
5285,345,2025-07-15,99844,3
5286,346,2025-06-01,16401,1
5287,346,2025-06-26,16401,2
5288,346,2025-07-29,16401,3
5289,346,2025-09-01,16401,4
5290,347,2021-08-03,347865,1
5291,347,2021-09-01,347865,2
5292,347,2021-10-04,347865,3
5293,347,2021-11-03,347865,4
5294,347,2021-11-30,347865,5
5295,347,2021-12-29,347865,6
5296,347,2022-01-29,347865,7
5297,347,2022-03-04,347865,8
5298,347,2022-04-03,347865,9
5299,347,2022-04-30,347865,10
5300,347,2022-05-30,347865,11
5301,347,2022-07-01,347865,12
5302,347,2022-08-01,347865,13
5303,347,2022-08-31,347865,14
5304,347,2022-09-29,347865,15
5305,347,2022-10-29,347865,16
5306,347,2022-12-04,347865,17
5307,347,2023-01-02,347865,18
5308,347,2023-02-02,347865,19
5309,347,2023-03-04,347865,20
5310,347,2023-03-31,347865,21
5311,348,2016-12-03,25769644,1
5312,349,2019-04-04,123672,1
5313,349,2019-05-05,123672,2
5314,349,2019-06-02,123672,3
5315,349,2019-07-01,123672,4
5316,349,2019-08-04,123672,5
5317,349,2019-09-05,123672,6
5318,349,2019-10-06,123672,7
5319,349,2019-11-05,123672,8
5320,349,2019-12-02,123672,9
5321,349,2020-01-02,123672,10
5322,349,2020-02-03,123672,11
5323,350,2021-12-26,300000,1
5324,350,2022-01-23,300000,2
5325,350,2022-02-22,300000,3
5326,350,2022-03-27,300000,4
5327,350,2022-04-23,300000,5
5328,350,2022-05-26,300000,6
5329,350,2022-06-22,300000,7
5330,350,2022-07-24,300000,8
5331,350,2022-08-23,300000,9
5332,350,2022-09-23,300000,10
5333,351,2018-06-25,300000,1
5334,351,2018-07-25,300000,2
5335,351,2018-08-22,300000,3
5336,351,2018-09-27,300000,4
5337,351,2018-10-23,300000,5
5338,351,2018-11-28,300000,6
5339,351,2018-12-27,300000,7
5340,351,2019-01-26,300000,8
5341,351,2019-02-27,300000,9
5342,351,2019-03-22,300000,10
5343,351,2019-04-28,300000,11
5344,352,2020-06-16,300000,1
5345,352,2020-07-15,300000,2
5346,352,2020-08-17,300000,3
5347,352,2020-09-13,300000,4
5348,352,2020-10-11,300000,5
5349,352,2020-11-13,300000,6
5350,352,2020-12-16,300000,7
5351,352,2021-01-17,300000,8
5352,352,2021-02-14,300000,9
5353,352,2021-03-17,300000,10
5354,352,2021-04-11,300000,11
5355,352,2021-05-13,300000,12
5356,352,2021-06-13,300000,13
5357,353,2017-05-12,300000,1
5358,353,2017-06-10,300000,2
5359,353,2017-07-09,300000,3
5360,353,2017-08-09,300000,4
5361,354,2018-06-30,234403,1
5362,354,2018-07-27,234403,2
5363,354,2018-08-31,234403,3
5364,354,2018-09-25,234403,4
5365,354,2018-10-29,234403,5
5366,354,2018-11-25,234403,6
5367,354,2018-12-29,234403,7
5368,354,2019-01-31,234403,8
5369,355,2018-07-12,32746250,1
5370,356,2017-10-22,43871298,1
5371,357,2017-11-25,37533956,1
5372,358,2025-11-12,828411,1
5373,358,2025-12-11,828411,2
5374,358,2026-01-08,828411,3
5375,358,2026-02-09,828411,4
5376,359,2023-06-16,359460,1
5377,359,2023-07-12,359460,2
5378,359,2023-08-13,359460,3
5379,359,2023-09-18,359460,4
5380,359,2023-10-15,359460,5
5381,359,2023-11-16,359460,6
5382,359,2023-12-12,359460,7
5383,359,2024-01-14,359460,8
5384,359,2024-02-18,359460,9
5385,359,2024-03-12,359460,10
5386,359,2024-04-14,359460,11
5387,359,2024-05-16,359460,12
5388,359,2024-06-14,359460,13
5389,360,2022-04-28,53405,1
5390,360,2022-05-26,53405,2
5391,360,2022-06-26,53405,3
5392,360,2022-07-28,53405,4
5393,360,2022-08-28,53405,5
5394,360,2022-09-22,53405,6
5395,360,2022-10-25,53405,7
5396,360,2022-11-25,53405,8
5397,360,2022-12-28,53405,9
5398,360,2023-01-23,53405,10
5399,360,2023-02-23,53405,11
5400,360,2023-03-27,53405,12
5401,360,2023-04-27,53405,13
5402,360,2023-05-23,53405,14
5403,361,2022-05-21,242213,1
5404,361,2022-06-16,242213,2
5405,361,2022-07-21,242213,3
5406,361,2022-08-20,242213,4
5407,361,2022-09-19,242213,5
5408,361,2022-10-20,242213,6
5409,361,2022-11-20,242213,7
5410,361,2022-12-20,242213,8
5411,361,2023-01-21,242213,9
5412,361,2023-02-18,242213,10
5413,361,2023-03-20,242213,11
5414,361,2023-04-17,242213,12
5415,361,2023-05-17,242213,13
5416,361,2023-06-16,242213,14
5417,361,2023-07-18,242213,15
5418,361,2023-08-16,242213,16
5419,361,2023-09-17,242213,17
5420,361,2023-10-22,242213,18
5421,361,2023-11-17,242213,19
5422,361,2023-12-19,242213,20
5423,361,2024-01-20,242213,21
5424,361,2024-02-22,242213,22
5425,361,2024-03-17,242213,23
5426,361,2024-04-21,242213,24
5427,361,2024-05-21,242213,25
5428,361,2024-06-16,242213,26
5429,361,2024-07-22,242213,27
5430,361,2024-08-16,242213,28
5431,361,2024-09-20,242213,29
5432,361,2024-10-20,242213,30
5433,361,2024-11-19,242213,31
5434,361,2024-12-18,242213,32
5435,361,2025-01-16,242213,33
5436,361,2025-02-20,242213,34
5437,361,2025-03-16,242213,35
5438,361,2025-04-20,242213,36
5439,361,2025-05-17,242213,37
5440,361,2025-06-16,242213,38
5441,361,2025-07-17,242213,39
5442,361,2025-08-16,242213,40
5443,362,2022-05-21,161453,1
5444,362,2022-06-21,161453,2
5445,362,2022-07-18,161453,3
5446,362,2022-08-21,161453,4
5447,362,2022-09-17,161453,5
5448,362,2022-10-16,161453,6
5449,363,2022-05-22,143357,1
5450,363,2022-06-21,143357,2
5451,363,2022-07-18,143357,3
5452,363,2022-08-22,143357,4
5453,363,2022-09-17,143357,5
5454,363,2022-10-19,143357,6
5455,363,2022-11-22,143357,7
5456,363,2022-12-22,143357,8
5457,363,2023-01-18,143357,9
5458,363,2023-02-21,143357,10
5459,363,2023-03-22,143357,11
5460,363,2023-04-20,143357,12
5461,363,2023-05-16,143357,13
5462,363,2023-06-17,143357,14
5463,363,2023-07-20,143357,15
5464,363,2023-08-21,143357,16
5465,363,2023-09-19,143357,17
5466,363,2023-10-16,143357,18
5467,363,2023-11-20,143357,19
5468,363,2023-12-16,143357,20
5469,363,2024-01-17,143357,21
5470,363,2024-02-21,143357,22
5471,363,2024-03-22,143357,23
5472,363,2024-04-19,143357,24
5473,363,2024-05-21,143357,25
5474,363,2024-06-16,143357,26
5475,363,2024-07-20,143357,27
5476,363,2024-08-17,143357,28
5477,363,2024-09-17,143357,29
5478,363,2024-10-21,143357,30
5479,363,2024-11-22,143357,31
5480,363,2024-12-20,143357,32
5481,363,2025-01-22,143357,33
5482,363,2025-02-22,143357,34
5483,363,2025-03-20,143357,35
5484,364,2018-12-04,326557,1
5485,364,2018-12-31,326557,2
5486,364,2019-02-01,326557,3
5487,364,2019-03-03,326557,4
5488,364,2019-04-03,326557,5
5489,364,2019-05-05,326557,6
5490,364,2019-05-30,326557,7
5491,364,2019-07-04,326557,8
5492,364,2019-07-30,326557,9
5493,364,2019-08-31,326557,10
5494,364,2019-10-05,326557,11
5495,364,2019-10-30,326557,12
5496,364,2019-12-01,326557,13
5497,364,2020-01-03,326557,14
5498,364,2020-01-31,326557,15
5499,364,2020-03-05,326557,16
5500,364,2020-03-30,326557,17
5501,364,2020-05-04,326557,18
5502,364,2020-06-01,326557,19
5503,364,2020-07-01,326557,20
5504,364,2020-07-30,326557,21
5505,364,2020-09-03,326557,22
5506,364,2020-09-29,326557,23
5507,364,2020-10-31,326557,24
5508,364,2020-11-29,326557,25
5509,364,2021-01-01,326557,26
5510,364,2021-02-05,326557,27
5511,364,2021-02-27,326557,28
5512,364,2021-04-03,326557,29
5513,364,2021-05-05,326557,30
5514,364,2021-06-04,326557,31
5515,364,2021-07-02,326557,32
5516,364,2021-07-30,326557,33
5517,364,2021-09-03,326557,34
5518,364,2021-10-05,326557,35
5519,364,2021-11-03,326557,36
5520,364,2021-12-04,326557,37
5521,364,2022-01-01,326557,38
5522,364,2022-02-03,326557,39
5523,364,2022-03-05,326557,40
5524,364,2022-04-03,326557,41
5525,364,2022-05-03,326557,42
5526,364,2022-06-03,326557,43
5527,364,2022-06-30,326557,44
5528,364,2022-07-31,326557,45
5529,364,2022-09-01,326557,46
5530,364,2022-09-29,326557,47
5531,364,2022-11-03,326557,48
5532,364,2022-12-04,326557,49
5533,364,2022-12-30,326557,50
5534,364,2023-02-04,326557,51
5535,364,2023-02-27,326557,52
5536,364,2023-04-01,326557,53
5537,364,2023-05-03,326557,54
5538,364,2023-06-03,326557,55
5539,364,2023-07-02,326557,56
5540,364,2023-08-04,326557,57
5541,364,2023-08-30,326557,58
5542,364,2023-09-29,326557,59
5543,364,2023-10-31,326557,60
5544,364,2023-12-02,326557,61
5545,364,2024-01-05,326557,62
5546,364,2024-02-05,326557,63
5547,364,2024-02-29,326557,64
5548,364,2024-03-31,326557,65
5549,365,2017-09-25,300000,1
5550,365,2017-10-26,300000,2
5551,365,2017-11-26,300000,3
5552,365,2017-12-23,300000,4
5553,365,2018-01-27,300000,5
5554,365,2018-02-22,300000,6
5555,365,2018-03-24,300000,7
5556,365,2018-04-28,300000,8
5557,365,2018-05-25,300000,9
5558,365,2018-06-23,300000,10
5559,365,2018-07-24,300000,11
5560,365,2018-08-24,300000,12
5561,365,2018-09-27,300000,13
5562,365,2018-10-25,300000,14
5563,365,2018-11-24,300000,15
5564,365,2018-12-27,300000,16
5565,365,2019-01-22,300000,17
5566,365,2019-02-27,300000,18
5567,365,2019-03-22,300000,19
5568,365,2019-04-22,300000,20
5569,365,2019-05-28,300000,21
5570,365,2019-06-28,300000,22
5571,365,2019-07-24,300000,23
5572,365,2019-08-27,300000,24
5573,365,2019-09-28,300000,25
5574,365,2019-10-22,300000,26
5575,365,2019-11-28,300000,27
5576,365,2019-12-25,300000,28
5577,365,2020-01-24,300000,29
5578,365,2020-02-27,300000,30
5579,366,2018-05-31,300000,1
5580,366,2018-07-02,300000,2
5581,366,2018-08-01,300000,3
5582,366,2018-08-28,300000,4
5583,366,2018-10-01,300000,5
5584,366,2018-10-30,300000,6
5585,366,2018-12-03,300000,7
5586,366,2019-01-01,300000,8
5587,366,2019-01-29,300000,9
5588,366,2019-02-25,300000,10
5589,366,2019-04-03,300000,11
5590,366,2019-04-28,300000,12
5591,366,2019-06-03,300000,13
5592,366,2019-07-02,300000,14
5593,366,2019-07-30,300000,15
5594,366,2019-09-02,300000,16
5595,366,2019-09-28,300000,17
5596,366,2019-10-29,300000,18
5597,366,2019-11-28,300000,19
5598,366,2019-12-31,300000,20
5599,366,2020-01-30,300000,21
5600,366,2020-03-03,300000,22
5601,366,2020-03-29,300000,23
5602,366,2020-04-28,300000,24
5603,366,2020-06-03,300000,25
5604,366,2020-07-02,300000,26
5605,366,2020-08-02,300000,27
5606,366,2020-08-29,300000,28
5607,366,2020-09-27,300000,29
5608,366,2020-10-31,300000,30
5609,366,2020-12-02,300000,31
5610,366,2020-12-28,300000,32
5611,366,2021-01-31,300000,33
5612,367,2025-06-02,300000,1
5613,367,2025-06-28,300000,2
5614,367,2025-08-03,300000,3
5615,367,2025-08-29,300000,4
5616,367,2025-09-28,300000,5
5617,367,2025-10-28,300000,6
5618,368,2016-09-19,300000,1
5619,368,2016-10-21,300000,2
5620,368,2016-11-21,300000,3
5621,368,2016-12-21,300000,4
5622,368,2017-01-17,300000,5
5623,368,2017-02-22,300000,6
5624,368,2017-03-20,300000,7
5625,368,2017-04-21,300000,8
5626,368,2017-05-18,300000,9
5627,368,2017-06-21,300000,10
5628,368,2017-07-16,300000,11
5629,368,2017-08-17,300000,12
5630,368,2017-09-22,300000,13
5631,368,2017-10-16,300000,14
5632,368,2017-11-22,300000,15
5633,368,2017-12-16,300000,16
5634,368,2018-01-16,300000,17
5635,368,2018-02-19,300000,18
5636,368,2018-03-19,300000,19
5637,368,2018-04-20,300000,20
5638,368,2018-05-17,300000,21
5639,368,2018-06-18,300000,22
5640,368,2018-07-18,300000,23
5641,368,2018-08-18,300000,24
5642,368,2018-09-16,300000,25
5643,368,2018-10-19,300000,26
5644,368,2018-11-17,300000,27
5645,368,2018-12-16,300000,28
5646,368,2019-01-22,300000,29
5647,368,2019-02-19,300000,30
5648,368,2019-03-19,300000,31
5649,369,2019-08-27,300000,1
5650,369,2019-09-27,300000,2
5651,369,2019-10-28,300000,3
5652,369,2019-11-27,300000,4
5653,369,2019-12-23,300000,5
5654,369,2020-01-25,300000,6
5655,369,2020-02-23,300000,7
5656,369,2020-03-25,300000,8
5657,369,2020-04-27,300000,9
5658,369,2020-05-27,300000,10
5659,369,2020-06-26,300000,11
5660,369,2020-07-25,300000,12
5661,369,2020-08-27,300000,13
5662,369,2020-09-28,300000,14
5663,369,2020-10-24,300000,15
5664,369,2020-11-26,300000,16
5665,369,2020-12-23,300000,17
5666,369,2021-01-26,300000,18
5667,369,2021-02-24,300000,19
5668,369,2021-03-25,300000,20
5669,369,2021-04-23,300000,21
5670,369,2021-05-23,300000,22
5671,369,2021-06-25,300000,23
5672,369,2021-07-29,300000,24
5673,369,2021-08-29,300000,25
5674,369,2021-09-26,300000,26
5675,369,2021-10-27,300000,27
5676,369,2021-11-29,300000,28
5677,369,2021-12-26,300000,29
5678,369,2022-01-29,300000,30
5679,369,2022-02-24,300000,31
5680,369,2022-03-28,300000,32
5681,370,2019-02-26,300000,1
5682,370,2019-03-27,300000,2
5683,370,2019-04-24,300000,3
5684,370,2019-05-25,300000,4
5685,370,2019-06-27,300000,5
5686,370,2019-07-26,300000,6
5687,370,2019-08-24,300000,7
5688,370,2019-09-22,300000,8
5689,370,2019-10-23,300000,9
5690,370,2019-11-23,300000,10
5691,370,2019-12-22,300000,11
5692,370,2020-01-28,300000,12
5693,370,2020-02-27,300000,13
5694,370,2020-03-23,300000,14
5695,370,2020-04-28,300000,15
5696,370,2020-05-23,300000,16
5697,370,2020-06-22,300000,17
5698,370,2020-07-27,300000,18
5699,370,2020-08-27,300000,19
5700,370,2020-09-28,300000,20
5701,370,2020-10-22,300000,21
5702,370,2020-11-28,300000,22
5703,370,2020-12-27,300000,23
5704,370,2021-01-27,300000,24
5705,370,2021-02-24,300000,25
5706,370,2021-03-28,300000,26
5707,370,2021-04-24,300000,27
5708,370,2021-05-22,300000,28
5709,370,2021-06-25,300000,29
5710,370,2021-07-23,300000,30
5711,370,2021-08-24,300000,31
5712,370,2021-09-23,300000,32
5713,370,2021-10-26,300000,33
5714,370,2021-11-22,300000,34
5715,371,2025-05-18,300000,1
5716,371,2025-06-18,300000,2
5717,371,2025-07-15,300000,3
5718,371,2025-08-20,300000,4
5719,371,2025-09-21,300000,5
5720,371,2025-10-19,300000,6
5721,372,2025-05-18,300000,1
5722,372,2025-06-20,300000,2
5723,372,2025-07-20,300000,3
5724,372,2025-08-21,300000,4
5725,372,2025-09-17,300000,5
5726,372,2025-10-16,300000,6
5727,372,2025-11-16,300000,7
5728,372,2025-12-16,300000,8
5729,372,2026-01-19,300000,9
5730,372,2026-02-15,300000,10
5731,372,2026-03-19,300000,11
5732,372,2026-04-18,300000,12
5733,372,2026-05-19,300000,13
5734,373,2020-03-11,300000,1
5735,373,2020-04-10,300000,2
5736,373,2020-05-07,300000,3
5737,373,2020-06-08,300000,4
5738,373,2020-07-12,300000,5
5739,373,2020-08-08,300000,6
5740,373,2020-09-12,300000,7
5741,373,2020-10-10,300000,8
5742,373,2020-11-07,300000,9
5743,373,2020-12-06,300000,10
5744,373,2021-01-06,300000,11
5745,373,2021-02-06,300000,12
5746,373,2021-03-12,300000,13
5747,373,2021-04-12,300000,14
5748,373,2021-05-08,300000,15
5749,373,2021-06-07,300000,16
5750,373,2021-07-12,300000,17
5751,373,2021-08-07,300000,18
5752,373,2021-09-08,300000,19
5753,373,2021-10-12,300000,20
5754,373,2021-11-06,300000,21
5755,373,2021-12-06,300000,22
5756,373,2022-01-10,300000,23
5757,373,2022-02-11,300000,24
5758,373,2022-03-09,300000,25
5759,373,2022-04-11,300000,26
5760,373,2022-05-12,300000,27
5761,373,2022-06-07,300000,28
5762,373,2022-07-12,300000,29
5763,373,2022-08-07,300000,30
5764,373,2022-09-07,300000,31
5765,373,2022-10-11,300000,32
5766,373,2022-11-09,300000,33
5767,373,2022-12-10,300000,34
5768,373,2023-01-11,300000,35
5769,374,2016-08-24,300000,1
5770,374,2016-09-21,300000,2
5771,374,2016-10-20,300000,3
5772,374,2016-11-24,300000,4
5773,374,2016-12-23,300000,5
5774,374,2017-01-19,300000,6
5775,374,2017-02-25,300000,7
5776,374,2017-03-25,300000,8
5777,374,2017-04-20,300000,9
5778,374,2017-05-23,300000,10
5779,374,2017-06-25,300000,11
5780,374,2017-07-25,300000,12
5781,374,2017-08-22,300000,13
5782,374,2017-09-21,300000,14
5783,374,2017-10-20,300000,15
5784,374,2017-11-19,300000,16
5785,374,2017-12-25,300000,17
5786,374,2018-01-22,300000,18
5787,374,2018-02-23,300000,19
5788,374,2018-03-25,300000,20
5789,374,2018-04-21,300000,21
5790,374,2018-05-19,300000,22
5791,374,2018-06-23,300000,23
5792,374,2018-07-23,300000,24
5793,374,2018-08-20,300000,25
5794,374,2018-09-25,300000,26
5795,374,2018-10-20,300000,27
5796,374,2018-11-19,300000,28
5797,374,2018-12-25,300000,29
5798,374,2019-01-24,300000,30
5799,375,2025-02-27,179534,1
5800,375,2025-03-30,179534,2
5801,375,2025-04-28,179534,3
5802,375,2025-05-30,179534,4
5803,376,2025-12-12,441640,1
5804,376,2026-01-15,441640,2
5805,377,2024-05-18,429957,1
5806,377,2024-06-16,429957,2
5807,377,2024-07-17,429957,3
5808,377,2024-08-21,429957,4
5809,377,2024-09-21,429957,5
5810,377,2024-10-16,429957,6
5811,377,2024-11-17,429957,7
5812,377,2024-12-18,429957,8
5813,377,2025-01-15,429957,9
5814,377,2025-02-21,429957,10
5815,377,2025-03-20,429957,11
5816,377,2025-04-17,429957,12
5817,377,2025-05-18,429957,13
5818,377,2025-06-15,429957,14
5819,377,2025-07-20,429957,15
5820,377,2025-08-17,429957,16
5821,377,2025-09-16,429957,17
5822,378,2019-09-27,247223,1
5823,378,2019-10-29,247223,2
5824,378,2019-11-25,247223,3
5825,378,2019-12-29,247223,4
5826,378,2020-01-26,247223,5
5827,378,2020-02-27,247223,6
5828,378,2020-03-29,247223,7
5829,378,2020-04-25,247223,8
5830,378,2020-05-24,247223,9
5831,378,2020-06-26,247223,10
5832,378,2020-07-24,247223,11
5833,378,2020-08-23,247223,12
5834,378,2020-09-24,247223,13
5835,378,2020-10-24,247223,14
5836,378,2020-11-28,247223,15
5837,378,2020-12-26,247223,16
5838,378,2021-01-23,247223,17
5839,378,2021-02-24,247223,18
5840,378,2021-03-27,247223,19
5841,378,2021-04-25,247223,20
5842,378,2021-05-24,247223,21
5843,378,2021-06-23,247223,22
5844,378,2021-07-24,247223,23
5845,378,2021-08-25,247223,24
5846,378,2021-09-23,247223,25
5847,378,2021-10-26,247223,26
5848,378,2021-11-23,247223,27
5849,378,2021-12-26,247223,28
5850,378,2022-01-23,247223,29
5851,379,2020-03-02,182119,1
5852,379,2020-03-27,182119,2
5853,379,2020-04-28,182119,3
5854,379,2020-05-30,182119,4
5855,379,2020-06-30,182119,5
5856,379,2020-07-27,182119,6
5857,379,2020-09-01,182119,7
5858,379,2020-09-30,182119,8
5859,379,2020-10-27,182119,9
5860,379,2020-11-30,182119,10
5861,379,2020-12-26,182119,11
5862,379,2021-01-27,182119,12
5863,379,2021-02-26,182119,13
5864,379,2021-03-29,182119,14
5865,379,2021-04-30,182119,15
5866,379,2021-05-30,182119,16
5867,379,2021-06-27,182119,17
5868,379,2021-07-26,182119,18
5869,379,2021-08-26,182119,19
5870,379,2021-10-01,182119,20
5871,379,2021-10-26,182119,21
5872,379,2021-11-30,182119,22
5873,379,2022-01-01,182119,23
5874,379,2022-01-29,182119,24
5875,379,2022-02-26,182119,25
5876,379,2022-03-28,182119,26
5877,379,2022-04-29,182119,27
5878,379,2022-06-01,182119,28
5879,379,2022-06-28,182119,29
5880,379,2022-07-29,182119,30
5881,380,2023-02-25,204195,1
5882,380,2023-03-22,204195,2
5883,380,2023-04-24,204195,3
5884,380,2023-05-25,204195,4
5885,380,2023-06-20,204195,5
5886,380,2023-07-19,204195,6
5887,380,2023-08-21,204195,7
5888,380,2023-09-20,204195,8
5889,380,2023-10-19,204195,9
5890,380,2023-11-23,204195,10
5891,380,2023-12-21,204195,11
5892,380,2024-01-23,204195,12
5893,380,2024-02-24,204195,13
5894,380,2024-03-19,204195,14
5895,380,2024-04-23,204195,15
5896,380,2024-05-24,204195,16
5897,380,2024-06-19,204195,17
5898,380,2024-07-19,204195,18
5899,380,2024-08-23,204195,19
5900,380,2024-09-19,204195,20
5901,380,2024-10-20,204195,21
5902,380,2024-11-19,204195,22
5903,380,2024-12-22,204195,23
5904,380,2025-01-24,204195,24
5905,380,2025-02-19,204195,25
5906,380,2025-03-22,204195,26
5907,380,2025-04-19,204195,27
5908,380,2025-05-19,204195,28
5909,380,2025-06-23,204195,29
5910,381,2025-06-23,938087,1
5911,381,2025-07-24,938087,2
5912,381,2025-08-24,938087,3
5913,381,2025-09-19,938087,4
5914,382,2020-05-19,162414,1
5915,382,2020-06-18,162414,2
5916,382,2020-07-16,162414,3
5917,382,2020-08-22,162414,4
5918,382,2020-09-17,162414,5
5919,382,2020-10-18,162414,6
5920,382,2020-11-19,162414,7
5921,382,2020-12-19,162414,8
5922,382,2021-01-20,162414,9
5923,382,2021-02-21,162414,10
5924,382,2021-03-22,162414,11
5925,382,2021-04-21,162414,12
5926,382,2021-05-21,162414,13
5927,383,2019-05-21,58309,1
5928,383,2019-06-20,58309,2
5929,383,2019-07-23,58309,3
5930,383,2019-08-19,58309,4
5931,383,2019-09-20,58309,5
5932,383,2019-10-20,58309,6
5933,384,2023-07-07,92519,1
5934,384,2023-08-05,92519,2
5935,384,2023-09-09,92519,3
5936,384,2023-10-05,92519,4
5937,384,2023-11-08,92519,5
5938,384,2023-12-10,92519,6
5939,384,2024-01-07,92519,7
5940,384,2024-02-09,92519,8
5941,384,2024-03-07,92519,9
5942,384,2024-04-10,92519,10
5943,384,2024-05-04,92519,11
5944,384,2024-06-09,92519,12
5945,384,2024-07-06,92519,13
5946,384,2024-08-05,92519,14
5947,384,2024-09-05,92519,15
5948,384,2024-10-09,92519,16
5949,384,2024-11-10,92519,17
5950,384,2024-12-04,92519,18
5951,384,2025-01-05,92519,19
5952,385,2024-08-28,33279100,1
5953,386,2020-08-20,241560,1
5954,386,2020-09-15,241560,2
5955,386,2020-10-16,241560,3
5956,386,2020-11-19,241560,4
5957,386,2020-12-19,241560,5
5958,386,2021-01-15,241560,6
5959,386,2021-02-17,241560,7
5960,386,2021-03-20,241560,8
5961,386,2021-04-16,241560,9
5962,386,2021-05-19,241560,10
5963,386,2021-06-17,241560,11
5964,386,2021-07-21,241560,12
5965,386,2021-08-20,241560,13
5966,386,2021-09-21,241560,14
5967,386,2021-10-20,241560,15
5968,386,2021-11-16,241560,16
5969,387,2020-05-02,332255,1
5970,387,2020-06-04,332255,2
5971,387,2020-07-02,332255,3
5972,387,2020-07-31,332255,4
5973,387,2020-09-02,332255,5
5974,387,2020-10-02,332255,6
5975,387,2020-11-01,332255,7
5976,387,2020-12-04,332255,8
5977,387,2021-01-01,332255,9
5978,387,2021-02-05,332255,10
5979,387,2021-03-02,332255,11
5980,387,2021-03-31,332255,12
5981,387,2021-05-02,332255,13
5982,387,2021-06-04,332255,14
5983,387,2021-07-01,332255,15
5984,387,2021-07-31,332255,16
5985,387,2021-09-02,332255,17
5986,387,2021-10-03,332255,18
5987,387,2021-11-04,332255,19
5988,387,2021-12-04,332255,20
5989,387,2022-01-03,332255,21
5990,387,2022-02-02,332255,22
5991,387,2022-03-04,332255,23
5992,387,2022-03-31,332255,24
5993,387,2022-05-02,332255,25
5994,387,2022-06-02,332255,26
5995,387,2022-07-01,332255,27
5996,387,2022-08-04,332255,28
5997,387,2022-09-04,332255,29
5998,387,2022-10-03,332255,30
5999,387,2022-11-01,332255,31
6000,387,2022-12-05,332255,32
6001,387,2023-01-01,332255,33
6002,387,2023-02-04,332255,34
6003,387,2023-03-02,332255,35
6004,387,2023-04-01,332255,36
6005,387,2023-05-03,332255,37
6006,387,2023-06-01,332255,38
6007,387,2023-07-03,332255,39
6008,387,2023-08-05,332255,40
6009,387,2023-09-01,332255,41
6010,387,2023-10-03,332255,42
6011,387,2023-11-01,332255,43
6012,387,2023-12-05,332255,44
6013,387,2024-01-01,332255,45
6014,387,2024-01-31,332255,46
6015,387,2024-03-03,332255,47
6016,387,2024-04-05,332255,48
6017,387,2024-05-03,332255,49
6018,387,2024-06-03,332255,50
6019,387,2024-06-29,332255,51
6020,387,2024-08-05,332255,52
6021,387,2024-09-01,332255,53
6022,388,2017-02-04,315072,1
6023,388,2017-03-03,315072,2
6024,388,2017-04-02,315072,3
6025,388,2017-05-06,315072,4
6026,388,2017-06-04,315072,5
6027,388,2017-07-06,315072,6
6028,388,2017-08-01,315072,7
6029,388,2017-09-04,315072,8
6030,388,2017-10-02,315072,9
6031,388,2017-11-04,315072,10
6032,388,2017-12-01,315072,11
6033,388,2018-01-05,315072,12
6034,388,2018-02-06,315072,13
6035,388,2018-03-06,315072,14
6036,388,2018-04-02,315072,15
6037,388,2018-05-04,315072,16
6038,388,2018-06-02,315072,17
6039,388,2018-07-05,315072,18
6040,388,2018-08-04,315072,19
6041,388,2018-09-04,315072,20
6042,388,2018-10-02,315072,21
6043,388,2018-11-02,315072,22
6044,388,2018-12-01,315072,23
6045,388,2019-01-07,315072,24
6046,389,2024-12-02,214003,1
6047,389,2025-01-01,214003,2
6048,389,2025-02-01,214003,3
6049,389,2025-03-05,214003,4
6050,389,2025-04-04,214003,5
6051,389,2025-05-02,214003,6
6052,389,2025-05-31,214003,7
6053,389,2025-07-04,214003,8
6054,389,2025-07-31,214003,9
6055,389,2025-08-31,214003,10
6056,389,2025-09-30,214003,11
6057,389,2025-11-04,214003,12
6058,389,2025-12-05,214003,13
6059,389,2026-01-01,214003,14
6060,390,2023-05-21,300000,1
6061,390,2023-06-21,300000,2
6062,390,2023-07-18,300000,3
6063,390,2023-08-18,300000,4
6064,390,2023-09-17,300000,5
6065,390,2023-10-19,300000,6
6066,390,2023-11-16,300000,7
6067,390,2023-12-21,300000,8
6068,390,2024-01-19,300000,9
6069,390,2024-02-20,300000,10
6070,390,2024-03-21,300000,11
6071,390,2024-04-21,300000,12
6072,390,2024-05-18,300000,13
6073,390,2024-06-16,300000,14
6074,390,2024-07-16,300000,15
6075,390,2024-08-22,300000,16
6076,390,2024-09-22,300000,17
6077,390,2024-10-22,300000,18
6078,390,2024-11-22,300000,19
6079,390,2024-12-20,300000,20
6080,390,2025-01-20,300000,21
6081,391,2018-01-19,159702,1
6082,391,2018-02-21,159702,2
6083,391,2018-03-20,159702,3
6084,391,2018-04-18,159702,4
6085,391,2018-05-18,159702,5
6086,391,2018-06-22,159702,6
6087,391,2018-07-16,159702,7
6088,391,2018-08-22,159702,8
6089,391,2018-09-19,159702,9
6090,391,2018-10-16,159702,10
6091,391,2018-11-17,159702,11
6092,391,2018-12-17,159702,12
6093,391,2019-01-18,159702,13
6094,391,2019-02-19,159702,14
6095,391,2019-03-20,159702,15
6096,391,2019-04-19,159702,16
6097,391,2019-05-17,159702,17
6098,391,2019-06-20,159702,18
6099,391,2019-07-19,159702,19
6100,391,2019-08-19,159702,20
6101,391,2019-09-20,159702,21
6102,391,2019-10-17,159702,22
6103,391,2019-11-19,159702,23
6104,391,2019-12-20,159702,24
6105,391,2020-01-21,159702,25
6106,391,2020-02-21,159702,26
6107,391,2020-03-17,159702,27
6108,391,2020-04-20,159702,28
6109,391,2020-05-21,159702,29
6110,391,2020-06-20,159702,30
6111,392,2018-03-24,100000,1
6112,392,2018-04-22,100000,2
6113,392,2018-05-25,100000,3
6114,392,2018-06-24,100000,4
6115,392,2018-07-20,100000,5
6116,392,2018-08-19,100000,6
6117,392,2018-09-20,100000,7
6118,392,2018-10-20,100000,8
6119,392,2018-11-19,100000,9
6120,392,2018-12-19,100000,10
6121,392,2019-01-21,100000,11
6122,392,2019-02-24,100000,12
6123,392,2019-03-25,100000,13
6124,392,2019-04-21,100000,14
6125,392,2019-05-19,100000,15
6126,392,2019-06-22,100000,16
6127,392,2019-07-25,100000,17
6128,392,2019-08-22,100000,18
6129,392,2019-09-20,100000,19
6130,392,2019-10-23,100000,20
6131,392,2019-11-20,100000,21
6132,392,2019-12-20,100000,22
6133,392,2020-01-23,100000,23
6134,392,2020-02-24,100000,24
6135,392,2020-03-19,100000,25
6136,392,2020-04-22,100000,26
6137,392,2020-05-20,100000,27
6138,392,2020-06-23,100000,28
6139,392,2020-07-21,100000,29
6140,392,2020-08-20,100000,30
6141,392,2020-09-22,100000,31
6142,392,2020-10-19,100000,32
6143,393,2022-06-10,200000,1
6144,393,2022-07-12,200000,2
6145,393,2022-08-13,200000,3
6146,393,2022-09-10,200000,4
6147,393,2022-10-13,200000,5
6148,393,2022-11-13,200000,6
6149,393,2022-12-07,200000,7
6150,393,2023-01-07,200000,8
6151,393,2023-02-08,200000,9
6152,393,2023-03-12,200000,10
6153,393,2023-04-12,200000,11
6154,393,2023-05-12,200000,12
6155,393,2023-06-11,200000,13
6156,393,2023-07-10,200000,14
6157,393,2023-08-12,200000,15
6158,393,2023-09-10,200000,16
6159,393,2023-10-08,200000,17
6160,393,2023-11-13,200000,18
6161,393,2023-12-12,200000,19
6162,393,2024-01-08,200000,20
6163,393,2024-02-12,200000,21
6164,393,2024-03-07,200000,22
6165,393,2024-04-09,200000,23
6166,393,2024-05-08,200000,24
6167,393,2024-06-12,200000,25
6168,393,2024-07-09,200000,26
6169,393,2024-08-08,200000,27
6170,393,2024-09-11,200000,28
6171,393,2024-10-12,200000,29
6172,393,2024-11-11,200000,30
6173,393,2024-12-07,200000,31
6174,393,2025-01-12,200000,32
6175,393,2025-02-13,200000,33
6176,393,2025-03-07,200000,34
6177,393,2025-04-09,200000,35
6178,393,2025-05-08,200000,36
6179,393,2025-06-10,200000,37
6180,393,2025-07-07,200000,38
6181,393,2025-08-10,200000,39
6182,393,2025-09-10,200000,40
6183,393,2025-10-08,200000,41
6184,393,2025-11-09,200000,42
6185,393,2025-12-08,200000,43
6186,393,2026-01-12,200000,44
6187,394,2022-07-07,821383,1
6188,394,2022-08-07,821383,2
6189,394,2022-09-01,821383,3
6190,394,2022-10-05,821383,4
6191,394,2022-11-02,821383,5
6192,394,2022-12-02,821383,6
6193,394,2023-01-07,821383,7
6194,394,2023-02-01,821383,8
6195,394,2023-03-05,821383,9
6196,394,2023-04-02,821383,10
6197,394,2023-05-04,821383,11
6198,394,2023-06-03,821383,12
6199,394,2023-07-03,821383,13
6200,394,2023-08-02,821383,14
6201,394,2023-09-05,821383,15
6202,394,2023-10-06,821383,16
6203,394,2023-11-02,821383,17
6204,394,2023-12-06,821383,18
6205,394,2024-01-06,821383,19
6206,394,2024-02-05,821383,20
6207,394,2024-03-06,821383,21
6208,394,2024-04-04,821383,22
6209,394,2024-05-05,821383,23
6210,394,2024-06-02,821383,24
6211,394,2024-07-07,821383,25
6212,394,2024-08-04,821383,26
6213,394,2024-09-01,821383,27
6214,395,2018-05-20,636154,1
6215,395,2018-06-18,636154,2
6216,395,2018-07-18,636154,3
6217,395,2018-08-18,636154,4
6218,395,2018-09-17,636154,5
6219,395,2018-10-19,636154,6
6220,395,2018-11-23,636154,7
6221,395,2018-12-18,636154,8
6222,395,2019-01-17,636154,9
6223,395,2019-02-20,636154,10
6224,395,2019-03-22,636154,11
6225,395,2019-04-23,636154,12
6226,396,2026-04-06,300000,1
6227,397,2020-09-04,368526,1
6228,397,2020-10-01,368526,2
6229,397,2020-10-31,368526,3
6230,397,2020-12-05,368526,4
6231,397,2021-01-01,368526,5
6232,397,2021-02-04,368526,6
6233,397,2021-02-27,368526,7
6234,397,2021-04-02,368526,8
6235,397,2021-04-30,368526,9
6236,397,2021-06-03,368526,10
6237,397,2021-06-29,368526,11
6238,397,2021-07-31,368526,12
6239,397,2021-08-30,368526,13
6240,397,2021-10-03,368526,14
6241,397,2021-10-31,368526,15
6242,397,2021-12-04,368526,16
6243,397,2022-01-04,368526,17
6244,397,2022-02-03,368526,18
6245,397,2022-03-01,368526,19
6246,397,2022-04-03,368526,20
6247,397,2022-05-01,368526,21
6248,397,2022-05-31,368526,22
6249,397,2022-07-01,368526,23
6250,397,2022-07-31,368526,24
6251,397,2022-08-31,368526,25
6252,397,2022-10-05,368526,26
6253,397,2022-11-02,368526,27
6254,397,2022-11-30,368526,28
6255,398,2025-05-19,849436,1
6256,398,2025-06-19,849436,2
6257,398,2025-07-16,849436,3
6258,398,2025-08-22,849436,4
6259,398,2025-09-20,849436,5
6260,398,2025-10-16,849436,6
6261,398,2025-11-19,849436,7
6262,398,2025-12-17,849436,8
6263,398,2026-01-18,849436,9
6264,398,2026-02-17,849436,10
6265,399,2019-02-08,918441,1
6266,399,2019-03-08,918441,2
6267,399,2019-04-06,918441,3
6268,399,2019-05-09,918441,4
6269,399,2019-06-09,918441,5
6270,399,2019-07-10,918441,6
6271,399,2019-08-08,918441,7
6272,399,2019-09-06,918441,8
6273,399,2019-10-11,918441,9
6274,399,2019-11-09,918441,10
6275,399,2019-12-11,918441,11
6276,399,2020-01-06,918441,12
6277,399,2020-02-06,918441,13
6278,399,2020-03-08,918441,14
6279,399,2020-04-11,918441,15
6280,399,2020-05-10,918441,16
6281,399,2020-06-08,918441,17
6282,399,2020-07-05,918441,18
6283,399,2020-08-11,918441,19
6284,399,2020-09-09,918441,20
6285,399,2020-10-09,918441,21
6286,399,2020-11-09,918441,22
6287,399,2020-12-07,918441,23
6288,399,2021-01-06,918441,24
6289,399,2021-02-08,918441,25
6290,399,2021-03-09,918441,26
6291,399,2021-04-05,918441,27
6292,399,2021-05-09,918441,28
6293,399,2021-06-10,918441,29
6294,399,2021-07-06,918441,30
6295,399,2021-08-11,918441,31
6296,399,2021-09-06,918441,32
6297,399,2021-10-11,918441,33
6298,399,2021-11-11,918441,34
6299,399,2021-12-08,918441,35
6300,399,2022-01-07,918441,36
6301,399,2022-02-11,918441,37
6302,399,2022-03-11,918441,38
6303,399,2022-04-08,918441,39
6304,399,2022-05-09,918441,40
6305,399,2022-06-10,918441,41
6306,399,2022-07-05,918441,42
6307,399,2022-08-08,918441,43
6308,399,2022-09-07,918441,44
6309,399,2022-10-08,918441,45
6310,399,2022-11-06,918441,46
6311,399,2022-12-09,918441,47
6312,399,2023-01-09,918441,48
6313,399,2023-02-11,918441,49
6314,399,2023-03-09,918441,50
6315,399,2023-04-09,918441,51
6316,399,2023-05-09,918441,52
6317,399,2023-06-09,918441,53
6318,399,2023-07-05,918441,54
6319,399,2023-08-07,918441,55
6320,399,2023-09-11,918441,56
6321,399,2023-10-09,918441,57
6322,399,2023-11-11,918441,58
6323,399,2023-12-07,918441,59
6324,399,2024-01-10,918441,60
6325,399,2024-02-09,918441,61
6326,399,2024-03-11,918441,62
6327,399,2024-04-08,918441,63
6328,399,2024-05-11,918441,64
6329,400,2022-02-28,200000,1
6330,400,2022-03-27,200000,2
6331,400,2022-04-30,200000,3
6332,400,2022-05-31,200000,4
6333,400,2022-06-25,200000,5
6334,400,2022-07-31,200000,6
6335,400,2022-08-26,200000,7
6336,400,2022-09-25,200000,8
6337,400,2022-10-30,200000,9
6338,400,2022-11-28,200000,10
6339,400,2022-12-29,200000,11
6340,400,2023-01-25,200000,12
6341,400,2023-03-03,200000,13
6342,400,2023-03-29,200000,14
6343,400,2023-04-26,200000,15
6344,400,2023-05-31,200000,16
6345,400,2023-06-28,200000,17
6346,400,2023-07-26,200000,18
6347,400,2023-08-28,200000,19
6348,400,2023-09-28,200000,20
6349,400,2023-10-29,200000,21
6350,400,2023-11-26,200000,22
6351,400,2023-12-26,200000,23
6352,400,2024-01-25,200000,24
6353,400,2024-03-02,200000,25
6354,400,2024-03-26,200000,26
6355,400,2024-04-25,200000,27
6356,401,2021-05-19,200000,1
6357,401,2021-06-17,200000,2
6358,401,2021-07-18,200000,3
6359,401,2021-08-16,200000,4
6360,401,2021-09-22,200000,5
6361,401,2021-10-21,200000,6
6362,401,2021-11-22,200000,7
6363,401,2021-12-20,200000,8
6364,401,2022-01-20,200000,9
6365,401,2022-02-18,200000,10
6366,401,2022-03-21,200000,11
6367,401,2022-04-18,200000,12
6368,401,2022-05-17,200000,13
6369,401,2022-06-19,200000,14
6370,401,2022-07-21,200000,15
6371,401,2022-08-19,200000,16
6372,401,2022-09-22,200000,17
6373,401,2022-10-17,200000,18
6374,401,2022-11-19,200000,19
6375,401,2022-12-16,200000,20
6376,401,2023-01-22,200000,21
6377,401,2023-02-19,200000,22
6378,401,2023-03-17,200000,23
6379,401,2023-04-19,200000,24
6380,401,2023-05-20,200000,25
6381,401,2023-06-18,200000,26
6382,401,2023-07-16,200000,27
6383,401,2023-08-20,200000,28
6384,401,2023-09-20,200000,29
6385,402,2021-05-19,167697,1
6386,402,2021-06-16,167697,2
6387,402,2021-07-19,167697,3
6388,402,2021-08-19,167697,4
6389,402,2021-09-17,167697,5
6390,402,2021-10-20,167697,6
6391,402,2021-11-16,167697,7
6392,402,2021-12-19,167697,8
6393,402,2022-01-16,167697,9
6394,402,2022-02-19,167697,10
6395,402,2022-03-20,167697,11
6396,402,2022-04-21,167697,12
6397,402,2022-05-19,167697,13
6398,402,2022-06-21,167697,14
6399,402,2022-07-19,167697,15
6400,402,2022-08-18,167697,16
6401,402,2022-09-20,167697,17
6402,402,2022-10-17,167697,18
6403,402,2022-11-21,167697,19
6404,402,2022-12-17,167697,20
6405,402,2023-01-20,167697,21
6406,402,2023-02-22,167697,22
6407,402,2023-03-17,167697,23
6408,402,2023-04-20,167697,24
6409,402,2023-05-17,167697,25
6410,402,2023-06-21,167697,26
6411,402,2023-07-18,167697,27
6412,402,2023-08-17,167697,28
6413,402,2023-09-21,167697,29
6414,402,2023-10-19,167697,30
6415,402,2023-11-20,167697,31
6416,402,2023-12-16,167697,32
6417,402,2024-01-22,167697,33
6418,402,2024-02-16,167697,34
6419,403,2025-05-18,117911,1
6420,403,2025-06-15,117911,2
6421,403,2025-07-17,117911,3
6422,403,2025-08-15,117911,4
6423,403,2025-09-18,117911,5
6424,403,2025-10-21,117911,6
6425,404,2025-05-18,222828,1
6426,404,2025-06-17,222828,2
6427,404,2025-07-20,222828,3
6428,404,2025-08-16,222828,4
6429,404,2025-09-20,222828,5
6430,404,2025-10-21,222828,6
6431,404,2025-11-16,222828,7
6432,404,2025-12-15,222828,8
6433,404,2026-01-20,222828,9
6434,404,2026-02-20,222828,10
6435,404,2026-03-21,222828,11
6436,405,2023-01-23,300000,1
6437,405,2023-02-23,300000,2
6438,405,2023-03-23,300000,3
6439,405,2023-04-23,300000,4
6440,405,2023-05-19,300000,5
6441,405,2023-06-19,300000,6
6442,405,2023-07-18,300000,7
6443,405,2023-08-23,300000,8
6444,405,2023-09-17,300000,9
6445,406,2026-03-31,300000,1
6446,406,2026-04-27,300000,2
6447,406,2026-05-19,300000,3
6448,407,2021-12-02,437813,1
6449,407,2022-01-01,437813,2
6450,407,2022-01-31,437813,3
6451,407,2022-02-28,437813,4
6452,407,2022-04-03,437813,5
6453,407,2022-05-05,437813,6
6454,407,2022-05-31,437813,7
6455,407,2022-06-30,437813,8
6456,407,2022-07-30,437813,9
6457,407,2022-09-03,437813,10
6458,407,2022-10-05,437813,11
6459,407,2022-11-03,437813,12
6460,407,2022-11-30,437813,13
6461,407,2022-12-31,437813,14
6462,407,2023-01-31,437813,15
6463,407,2023-03-04,437813,16
6464,407,2023-04-01,437813,17
6465,407,2023-05-02,437813,18
6466,407,2023-06-01,437813,19
6467,407,2023-07-03,437813,20
6468,407,2023-07-30,437813,21
6469,407,2023-09-02,437813,22
6470,407,2023-09-29,437813,23
6471,407,2023-11-05,437813,24
6472,407,2023-12-04,437813,25
6473,407,2024-01-03,437813,26
6474,407,2024-02-04,437813,27
6475,407,2024-03-03,437813,28
6476,407,2024-03-30,437813,29
6477,407,2024-04-29,437813,30
6478,407,2024-05-30,437813,31
6479,407,2024-07-03,437813,32
6480,407,2024-07-31,437813,33
6481,407,2024-08-30,437813,34
6482,407,2024-10-04,437813,35
6483,407,2024-11-05,437813,36
6484,407,2024-12-02,437813,37
6485,407,2025-01-03,437813,38
6486,407,2025-02-04,437813,39
6487,407,2025-03-01,437813,40
6488,408,2020-05-19,206724,1
6489,408,2020-06-22,206724,2
6490,408,2020-07-21,206724,3
6491,408,2020-08-20,206724,4
6492,408,2020-09-19,206724,5
6493,408,2020-10-22,206724,6
6494,408,2020-11-22,206724,7
6495,408,2020-12-19,206724,8
6496,408,2021-01-20,206724,9
6497,408,2021-02-20,206724,10
6498,408,2021-03-22,206724,11
6499,408,2021-04-16,206724,12
6500,408,2021-05-17,206724,13
6501,408,2021-06-20,206724,14
6502,408,2021-07-20,206724,15
6503,408,2021-08-18,206724,16
6504,408,2021-09-21,206724,17
6505,408,2021-10-20,206724,18
6506,408,2021-11-17,206724,19
6507,408,2021-12-21,206724,20
6508,408,2022-01-21,206724,21
6509,408,2022-02-19,206724,22
6510,408,2022-03-19,206724,23
6511,408,2022-04-19,206724,24
6512,408,2022-05-19,206724,25
6513,408,2022-06-18,206724,26
6514,408,2022-07-20,206724,27
6515,408,2022-08-19,206724,28
6516,408,2022-09-22,206724,29
6517,408,2022-10-16,206724,30
6518,409,2023-03-20,203016,1
6519,409,2023-04-17,203016,2
6520,409,2023-05-23,203016,3
6521,409,2023-06-21,203016,4
6522,409,2023-07-23,203016,5
6523,409,2023-08-19,203016,6
6524,409,2023-09-20,203016,7
6525,409,2023-10-22,203016,8
6526,409,2023-11-20,203016,9
6527,409,2023-12-22,203016,10
6528,409,2024-01-20,203016,11
6529,409,2024-02-19,203016,12
6530,409,2024-03-22,203016,13
6531,409,2024-04-17,203016,14
6532,409,2024-05-22,203016,15
6533,409,2024-06-18,203016,16
6534,409,2024-07-17,203016,17
6535,409,2024-08-18,203016,18
6536,409,2024-09-23,203016,19
6537,409,2024-10-20,203016,20
6538,409,2024-11-17,203016,21
6539,409,2024-12-20,203016,22
6540,409,2025-01-23,203016,23
6541,409,2025-02-21,203016,24
6542,409,2025-03-20,203016,25
6543,409,2025-04-23,203016,26
6544,409,2025-05-20,203016,27
6545,410,2020-01-03,174835,1
6546,410,2020-02-03,174835,2
6547,410,2020-03-04,174835,3
6548,410,2020-04-01,174835,4
6549,410,2020-05-05,174835,5
6550,410,2020-06-04,174835,6
6551,410,2020-07-01,174835,7
6552,410,2020-08-04,174835,8
6553,410,2020-09-05,174835,9
6554,410,2020-10-02,174835,10
6555,410,2020-11-02,174835,11
6556,410,2020-12-02,174835,12
6557,410,2021-01-02,174835,13
6558,410,2021-02-06,174835,14
6559,410,2021-02-28,174835,15
6560,410,2021-04-06,174835,16
6561,410,2021-05-06,174835,17
6562,410,2021-06-06,174835,18
6563,410,2021-07-02,174835,19
6564,410,2021-08-05,174835,20
6565,410,2021-09-03,174835,21
6566,410,2021-10-03,174835,22
6567,410,2021-10-31,174835,23
6568,411,2024-03-06,479968,1
6569,411,2024-04-01,479968,2
6570,411,2024-05-03,479968,3
6571,411,2024-05-31,479968,4
6572,411,2024-07-05,479968,5
6573,411,2024-07-31,479968,6
6574,411,2024-09-06,479968,7
6575,411,2024-10-03,479968,8
6576,411,2024-11-05,479968,9
6577,411,2024-12-06,479968,10
6578,411,2025-01-01,479968,11
6579,411,2025-02-02,479968,12
6580,411,2025-02-28,479968,13
6581,411,2025-04-04,479968,14
6582,411,2025-05-04,479968,15
6583,411,2025-06-03,479968,16
6584,411,2025-07-01,479968,17
6585,411,2025-07-31,479968,18
6586,411,2025-09-01,479968,19
6587,412,2023-06-02,350400,1
6588,412,2023-07-02,350400,2
6589,412,2023-07-31,350400,3
6590,412,2023-08-30,350400,4
6591,412,2023-10-03,350400,5
6592,412,2023-11-04,350400,6
6593,412,2023-11-29,350400,7
6594,412,2024-01-04,350400,8
6595,412,2024-02-03,350400,9
6596,412,2024-03-01,350400,10
6597,412,2024-03-30,350400,11
6598,412,2024-05-02,350400,12
6599,413,2022-05-19,6971570,1
6600,414,2020-07-07,300000,1
6601,414,2020-08-07,300000,2
6602,414,2020-09-09,300000,3
6603,414,2020-10-09,300000,4
6604,414,2020-11-04,300000,5
6605,414,2020-12-07,300000,6
6606,414,2021-01-08,300000,7
6607,414,2021-02-08,300000,8
6608,414,2021-03-05,300000,9
6609,414,2021-04-10,300000,10
6610,414,2021-05-09,300000,11
6611,414,2021-06-04,300000,12
6612,414,2021-07-08,300000,13
6613,414,2021-08-06,300000,14
6614,414,2021-09-04,300000,15
6615,414,2021-10-04,300000,16
6616,414,2021-11-08,300000,17
6617,414,2021-12-06,300000,18
6618,414,2022-01-05,300000,19
6619,414,2022-02-08,300000,20
6620,414,2022-03-06,300000,21
6621,414,2022-04-04,300000,22
6622,414,2022-05-06,300000,23
6623,414,2022-06-04,300000,24
6624,414,2022-07-10,300000,25
6625,414,2022-08-08,300000,26
6626,414,2022-09-09,300000,27
6627,414,2022-10-08,300000,28
6628,414,2022-11-10,300000,29
6629,414,2022-12-07,300000,30
6630,414,2023-01-07,300000,31
6631,414,2023-02-07,300000,32
6632,414,2023-03-08,300000,33
6633,414,2023-04-05,300000,34
6634,414,2023-05-08,300000,35
6635,415,2024-06-08,300000,1
6636,415,2024-07-11,300000,2
6637,415,2024-08-10,300000,3
6638,415,2024-09-05,300000,4
6639,415,2024-10-05,300000,5
6640,415,2024-11-11,300000,6
6641,415,2024-12-06,300000,7
6642,415,2025-01-07,300000,8
6643,415,2025-02-09,300000,9
6644,415,2025-03-08,300000,10
6645,415,2025-04-11,300000,11
6646,415,2025-05-10,300000,12
6647,416,2023-01-16,200000,1
6648,416,2023-02-13,200000,2
6649,416,2023-03-15,200000,3
6650,416,2023-04-15,200000,4
6651,416,2023-05-11,200000,5
6652,416,2023-06-17,200000,6
6653,416,2023-07-11,200000,7
6654,416,2023-08-11,200000,8
6655,416,2023-09-15,200000,9
6656,416,2023-10-12,200000,10
6657,416,2023-11-13,200000,11
6658,416,2023-12-13,200000,12
6659,416,2024-01-17,200000,13
6660,416,2024-02-16,200000,14
6661,416,2024-03-17,200000,15
6662,416,2024-04-12,200000,16
6663,416,2024-05-12,200000,17
6664,416,2024-06-13,200000,18
6665,416,2024-07-14,200000,19
6666,416,2024-08-11,200000,20
6667,416,2024-09-11,200000,21
6668,416,2024-10-13,200000,22
6669,416,2024-11-17,200000,23
6670,417,2020-05-21,300000,1
6671,417,2020-06-18,300000,2
6672,417,2020-07-18,300000,3
6673,417,2020-08-22,300000,4
6674,417,2020-09-16,300000,5
6675,417,2020-10-16,300000,6
6676,417,2020-11-22,300000,7
6677,417,2020-12-19,300000,8
6678,417,2021-01-16,300000,9
6679,417,2021-02-22,300000,10
6680,417,2021-03-19,300000,11
6681,417,2021-04-19,300000,12
6682,417,2021-05-20,300000,13
6683,417,2021-06-18,300000,14
6684,417,2021-07-21,300000,15
6685,417,2021-08-18,300000,16
6686,417,2021-09-18,300000,17
6687,417,2021-10-20,300000,18
6688,417,2021-11-19,300000,19
6689,417,2021-12-19,300000,20
6690,417,2022-01-16,300000,21
6691,417,2022-02-20,300000,22
6692,417,2022-03-16,300000,23
6693,417,2022-04-20,300000,24
6694,417,2022-05-16,300000,25
6695,417,2022-06-17,300000,26
6696,417,2022-07-22,300000,27
6697,417,2022-08-18,300000,28
6698,417,2022-09-18,300000,29
6699,418,2022-11-22,300000,1
6700,418,2022-12-19,300000,2
6701,418,2023-01-23,300000,3
6702,418,2023-02-25,300000,4
6703,418,2023-03-20,300000,5
6704,418,2023-04-23,300000,6
6705,418,2023-05-24,300000,7
6706,418,2023-06-21,300000,8
6707,418,2023-07-25,300000,9
6708,418,2023-08-19,300000,10
6709,418,2023-09-25,300000,11
6710,418,2023-10-22,300000,12
6711,418,2023-11-23,300000,13
6712,418,2023-12-22,300000,14
6713,418,2024-01-24,300000,15
6714,418,2024-02-19,300000,16
6715,418,2024-03-23,300000,17
6716,418,2024-04-24,300000,18
6717,418,2024-05-22,300000,19
6718,418,2024-06-22,300000,20
6719,418,2024-07-23,300000,21
6720,418,2024-08-19,300000,22
6721,418,2024-09-22,300000,23
6722,418,2024-10-21,300000,24
6723,418,2024-11-24,300000,25
6724,418,2024-12-23,300000,26
6725,418,2025-01-20,300000,27
6726,418,2025-02-20,300000,28
6727,418,2025-03-19,300000,29
6728,418,2025-04-21,300000,30
6729,418,2025-05-22,300000,31
6730,418,2025-06-20,300000,32
6731,419,2025-05-04,300000,1
6732,419,2025-06-03,300000,2
6733,420,2024-11-30,49505371,1
6734,421,2021-10-28,19370308,1
6735,422,2022-07-10,41399889,1
6736,423,2020-05-21,215916,1
6737,423,2020-06-22,215916,2
6738,423,2020-07-19,215916,3
6739,423,2020-08-21,215916,4
6740,423,2020-09-17,215916,5
6741,423,2020-10-21,215916,6
6742,423,2020-11-18,215916,7
6743,423,2020-12-19,215916,8
6744,423,2021-01-17,215916,9
6745,423,2021-02-18,215916,10
6746,423,2021-03-22,215916,11
6747,423,2021-04-16,215916,12
6748,423,2021-05-20,215916,13
6749,423,2021-06-17,215916,14
6750,423,2021-07-19,215916,15
6751,423,2021-08-21,215916,16
6752,423,2021-09-22,215916,17
6753,423,2021-10-21,215916,18
6754,423,2021-11-17,215916,19
6755,423,2021-12-22,215916,20
6756,423,2022-01-19,215916,21
6757,423,2022-02-17,215916,22
6758,423,2022-03-19,215916,23
6759,423,2022-04-21,215916,24
6760,423,2022-05-18,215916,25
6761,423,2022-06-22,215916,26
6762,423,2022-07-16,215916,27
6763,423,2022-08-18,215916,28
6764,423,2022-09-16,215916,29
6765,423,2022-10-21,215916,30
6766,423,2022-11-22,215916,31
6767,423,2022-12-18,215916,32
6768,423,2023-01-18,215916,33
6769,423,2023-02-17,215916,34
6770,423,2023-03-20,215916,35
6771,423,2023-04-21,215916,36
6772,424,2019-05-22,356195,1
6773,424,2019-06-20,356195,2
6774,424,2019-07-23,356195,3
6775,424,2019-08-20,356195,4
6776,424,2019-09-17,356195,5
6777,424,2019-10-20,356195,6
6778,424,2019-11-20,356195,7
6779,424,2019-12-18,356195,8
6780,424,2020-01-19,356195,9
6781,424,2020-02-22,356195,10
6782,424,2020-03-22,356195,11
6783,424,2020-04-23,356195,12
6784,424,2020-05-23,356195,13
6785,424,2020-06-20,356195,14
6786,424,2020-07-21,356195,15
6787,424,2020-08-22,356195,16
6788,424,2020-09-23,356195,17
6789,424,2020-10-20,356195,18
6790,424,2020-11-23,356195,19
6791,425,2017-12-19,45214968,1
6792,426,2019-01-26,46676103,1
6793,427,2022-10-01,300000,1
6794,427,2022-10-31,300000,2
6795,427,2022-12-02,300000,3
6796,427,2022-12-30,300000,4
6797,427,2023-02-02,300000,5
6798,427,2023-02-27,300000,6
6799,427,2023-03-31,300000,7
6800,427,2023-04-30,300000,8
6801,427,2023-06-02,300000,9
6802,427,2023-07-02,300000,10
6803,427,2023-07-30,300000,11
6804,427,2023-09-01,300000,12
6805,428,2021-05-18,38371007,1
6806,429,2016-07-01,7051768,1
6807,430,2025-03-24,38264067,1
6808,431,2023-10-11,621877,1
6809,431,2023-11-09,621877,2
6810,431,2023-12-12,621877,3
6811,431,2024-01-11,621877,4
6812,431,2024-02-09,621877,5
6813,431,2024-03-09,621877,6
6814,431,2024-04-13,621877,7
6815,431,2024-05-11,621877,8
6816,431,2024-06-11,621877,9
6817,431,2024-07-14,621877,10
6818,431,2024-08-09,621877,11
6819,431,2024-09-09,621877,12
6820,431,2024-10-09,621877,13
6821,431,2024-11-14,621877,14
6822,431,2024-12-13,621877,15
6823,431,2025-01-11,621877,16
6824,431,2025-02-09,621877,17
6825,431,2025-03-08,621877,18
6826,431,2025-04-11,621877,19
6827,431,2025-05-14,621877,20
6828,431,2025-06-13,621877,21
6829,431,2025-07-08,621877,22
6830,431,2025-08-14,621877,23
6831,431,2025-09-10,621877,24
6832,431,2025-10-11,621877,25
6833,431,2025-11-10,621877,26
6834,431,2025-12-14,621877,27
6835,431,2026-01-14,621877,28
6836,431,2026-02-14,621877,29
6837,431,2026-03-09,621877,30
6838,431,2026-04-13,621877,31
6839,432,2026-02-22,676963,1
6840,432,2026-03-19,676963,2
6841,432,2026-04-25,676963,3
6842,432,2026-05-19,676963,4
6843,433,2021-06-12,231265,1
6844,433,2021-07-09,231265,2
6845,433,2021-08-09,231265,3
6846,433,2021-09-14,231265,4
6847,433,2021-10-13,231265,5
6848,433,2021-11-11,231265,6
6849,433,2021-12-11,231265,7
6850,433,2022-01-13,231265,8
6851,433,2022-02-10,231265,9
6852,433,2022-03-11,231265,10
6853,433,2022-04-14,231265,11
6854,433,2022-05-15,231265,12
6855,433,2022-06-13,231265,13
6856,433,2022-07-10,231265,14
6857,433,2022-08-10,231265,15
6858,433,2022-09-12,231265,16
6859,433,2022-10-10,231265,17
6860,433,2022-11-11,231265,18
6861,433,2022-12-15,231265,19
6862,433,2023-01-11,231265,20
6863,433,2023-02-13,231265,21
6864,433,2023-03-15,231265,22
6865,433,2023-04-13,231265,23
6866,433,2023-05-10,231265,24
6867,433,2023-06-14,231265,25
6868,433,2023-07-09,231265,26
6869,433,2023-08-15,231265,27
6870,433,2023-09-12,231265,28
6871,433,2023-10-09,231265,29
6872,433,2023-11-10,231265,30
6873,433,2023-12-10,231265,31
6874,433,2024-01-09,231265,32
6875,433,2024-02-12,231265,33
6876,434,2016-10-20,189607,1
6877,434,2016-11-17,189607,2
6878,434,2016-12-21,189607,3
6879,434,2017-01-20,189607,4
6880,434,2017-02-18,189607,5
6881,434,2017-03-20,189607,6
6882,434,2017-04-20,189607,7
6883,434,2017-05-19,189607,8
6884,434,2017-06-19,189607,9
6885,434,2017-07-18,189607,10
6886,434,2017-08-22,189607,11
6887,434,2017-09-23,189607,12
6888,434,2017-10-19,189607,13
6889,434,2017-11-23,189607,14
6890,434,2017-12-19,189607,15
6891,434,2018-01-19,189607,16
6892,434,2018-02-20,189607,17
6893,434,2018-03-18,189607,18
6894,434,2018-04-20,189607,19
6895,434,2018-05-21,189607,20
6896,434,2018-06-20,189607,21
6897,434,2018-07-23,189607,22
6898,434,2018-08-23,189607,23
6899,434,2018-09-21,189607,24
6900,434,2018-10-17,189607,25
6901,434,2018-11-17,189607,26
6902,434,2018-12-21,189607,27
6903,434,2019-01-21,189607,28
6904,434,2019-02-20,189607,29
6905,435,2019-07-18,161618,1
6906,435,2019-08-18,161618,2
6907,435,2019-09-20,161618,3
6908,435,2019-10-17,161618,4
6909,435,2019-11-19,161618,5
6910,435,2019-12-16,161618,6
6911,435,2020-01-15,161618,7
6912,435,2020-02-17,161618,8
6913,435,2020-03-19,161618,9
6914,435,2020-04-17,161618,10
6915,435,2020-05-19,161618,11
6916,435,2020-06-20,161618,12
6917,435,2020-07-18,161618,13
6918,435,2020-08-17,161618,14
6919,435,2020-09-17,161618,15
6920,435,2020-10-17,161618,16
6921,435,2020-11-18,161618,17
6922,435,2020-12-15,161618,18
6923,435,2021-01-19,161618,19
6924,435,2021-02-20,161618,20
6925,435,2021-03-17,161618,21
6926,435,2021-04-21,161618,22
6927,435,2021-05-18,161618,23
6928,435,2021-06-15,161618,24
6929,435,2021-07-19,161618,25
6930,435,2021-08-18,161618,26
6931,435,2021-09-20,161618,27
6932,435,2021-10-20,161618,28
6933,435,2021-11-19,161618,29
6934,435,2021-12-17,161618,30
6935,435,2022-01-20,161618,31
6936,435,2022-02-15,161618,32
6937,435,2022-03-18,161618,33
6938,435,2022-04-15,161618,34
6939,435,2022-05-17,161618,35
6940,435,2022-06-15,161618,36
6941,436,2020-03-03,105260,1
6942,436,2020-04-02,105260,2
6943,436,2020-04-29,105260,3
6944,436,2020-05-31,105260,4
6945,436,2020-07-03,105260,5
6946,436,2020-07-30,105260,6
6947,436,2020-09-01,105260,7
6948,436,2020-10-04,105260,8
6949,436,2020-11-03,105260,9
6950,436,2020-12-03,105260,10
6951,436,2020-12-30,105260,11
6952,436,2021-02-02,105260,12
6953,436,2021-02-27,105260,13
6954,436,2021-03-31,105260,14
6955,436,2021-04-30,105260,15
6956,436,2021-06-03,105260,16
6957,436,2021-07-03,105260,17
6958,436,2021-07-30,105260,18
6959,436,2021-08-31,105260,19
6960,436,2021-09-30,105260,20
6961,436,2021-11-02,105260,21
6962,436,2021-12-01,105260,22
6963,436,2022-01-02,105260,23
6964,436,2022-01-29,105260,24
6965,436,2022-03-04,105260,25
6966,436,2022-04-02,105260,26
6967,436,2022-04-29,105260,27
6968,436,2022-06-01,105260,28
6969,436,2022-06-29,105260,29
6970,436,2022-08-04,105260,30
6971,437,2021-09-13,154870,1
6972,437,2021-10-10,154870,2
6973,437,2021-11-15,154870,3
6974,437,2021-12-11,154870,4
6975,437,2022-01-16,154870,5
6976,437,2022-02-14,154870,6
6977,437,2022-03-16,154870,7
6978,437,2022-04-11,154870,8
6979,437,2022-05-15,154870,9
6980,437,2022-06-15,154870,10
6981,437,2022-07-14,154870,11
6982,437,2022-08-14,154870,12
6983,437,2022-09-15,154870,13
6984,437,2022-10-12,154870,14
6985,437,2022-11-16,154870,15
6986,437,2022-12-11,154870,16
6987,437,2023-01-16,154870,17
6988,437,2023-02-11,154870,18
6989,438,2020-05-21,172955,1
6990,438,2020-06-19,172955,2
6991,438,2020-07-16,172955,3
6992,438,2020-08-22,172955,4
6993,438,2020-09-19,172955,5
6994,438,2020-10-16,172955,6
6995,438,2020-11-20,172955,7
6996,438,2020-12-20,172955,8
6997,439,2020-05-22,226166,1
6998,439,2020-06-16,226166,2
6999,439,2020-07-20,226166,3
7000,439,2020-08-18,226166,4
7001,439,2020-09-21,226166,5
7002,439,2020-10-20,226166,6
7003,439,2020-11-22,226166,7
7004,439,2020-12-18,226166,8
7005,439,2021-01-21,226166,9
7006,439,2021-02-21,226166,10
7007,439,2021-03-21,226166,11
7008,440,2019-06-16,245679,1
7009,440,2019-07-16,245679,2
7010,440,2019-08-13,245679,3
7011,440,2019-09-12,245679,4
7012,440,2019-10-14,245679,5
7013,440,2019-11-12,245679,6
7014,440,2019-12-16,245679,7
7015,440,2020-01-15,245679,8
7016,441,2025-12-11,300000,1
7017,441,2026-01-09,300000,2
7018,441,2026-02-14,300000,3
7019,442,2025-11-29,423060,1
7020,442,2025-12-30,423060,2
7021,442,2026-01-28,423060,3
7022,442,2026-03-02,423060,4
7023,442,2026-03-27,423060,5
7024,443,2017-03-22,300777,1
7025,443,2017-04-23,300777,2
7026,443,2017-05-25,300777,3
7027,443,2017-06-22,300777,4
7028,443,2017-07-23,300777,5
7029,443,2017-08-25,300777,6
7030,444,2022-01-29,24262103,1
7031,445,2019-11-30,16553578,1
7032,446,2021-11-14,18670535,1
7033,447,2016-10-13,33896737,1
7034,448,2025-10-10,4081385,1
7035,449,2024-12-08,300000,1
7036,449,2025-01-05,300000,2
7037,449,2025-02-09,300000,3
7038,449,2025-03-11,300000,4
7039,449,2025-04-11,300000,5
7040,449,2025-05-10,300000,6
7041,449,2025-06-10,300000,7
7042,449,2025-07-06,300000,8
7043,449,2025-08-07,300000,9
7044,449,2025-09-08,300000,10
7045,449,2025-10-07,300000,11
7046,450,2017-03-12,300000,1
7047,450,2017-04-10,300000,2
7048,450,2017-05-15,300000,3
7049,450,2017-06-10,300000,4
7050,450,2017-07-15,300000,5
7051,450,2017-08-13,300000,6
7052,450,2017-09-11,300000,7
7053,450,2017-10-14,300000,8
7054,450,2017-11-13,300000,9
7055,450,2017-12-15,300000,10
7056,450,2018-01-12,300000,11
7057,450,2018-02-10,300000,12
7058,450,2018-03-13,300000,13
7059,450,2018-04-15,300000,14
7060,450,2018-05-10,300000,15
7061,450,2018-06-15,300000,16
7062,450,2018-07-11,300000,17
7063,450,2018-08-09,300000,18
7064,450,2018-09-13,300000,19
7065,450,2018-10-14,300000,20
7066,450,2018-11-13,300000,21
7067,450,2018-12-10,300000,22
7068,450,2019-01-11,300000,23
7069,450,2019-02-15,300000,24
7070,450,2019-03-12,300000,25
7071,450,2019-04-14,300000,26
7072,450,2019-05-11,300000,27
7073,450,2019-06-13,300000,28
7074,450,2019-07-12,300000,29
7075,450,2019-08-11,300000,30
7076,450,2019-09-09,300000,31
7077,450,2019-10-14,300000,32
7078,450,2019-11-10,300000,33
7079,451,2023-05-19,114060,1
7080,451,2023-06-17,114060,2
7081,451,2023-07-17,114060,3
7082,451,2023-08-21,114060,4
7083,451,2023-09-19,114060,5
7084,451,2023-10-20,114060,6
7085,451,2023-11-17,114060,7
7086,451,2023-12-20,114060,8
7087,451,2024-01-16,114060,9
7088,451,2024-02-17,114060,10
7089,451,2024-03-17,114060,11
7090,451,2024-04-19,114060,12
7091,451,2024-05-21,114060,13
7092,451,2024-06-20,114060,14
7093,451,2024-07-22,114060,15
7094,451,2024-08-17,114060,16
7095,451,2024-09-17,114060,17
7096,452,2023-12-10,54983,1
7097,452,2024-01-09,54983,2
7098,452,2024-02-07,54983,3
7099,452,2024-03-13,54983,4
7100,452,2024-04-09,54983,5
7101,452,2024-05-09,54983,6
7102,452,2024-06-13,54983,7
7103,452,2024-07-10,54983,8
7104,452,2024-08-13,54983,9
7105,452,2024-09-07,54983,10
7106,452,2024-10-07,54983,11
7107,452,2024-11-09,54983,12
7108,452,2024-12-12,54983,13
7109,452,2025-01-10,54983,14
7110,452,2025-02-09,54983,15
7111,453,2019-10-25,276886,1
7112,453,2019-11-25,276886,2
7113,453,2019-12-23,276886,3
7114,454,2019-02-03,300000,1
7115,454,2019-03-05,300000,2
7116,454,2019-04-04,300000,3
7117,454,2019-05-06,300000,4
7118,454,2019-06-01,300000,5
7119,455,2025-05-18,725152,1
7120,455,2025-06-20,725152,2
7121,456,2025-05-19,844050,1
7122,456,2025-06-20,844050,2
7123,456,2025-07-19,844050,3
7124,456,2025-08-20,844050,4
7125,456,2025-09-15,844050,5
7126,456,2025-10-19,844050,6
7127,456,2025-11-15,844050,7
7128,456,2025-12-18,844050,8
7129,456,2026-01-16,844050,9
7130,456,2026-02-20,844050,10
7131,457,2025-12-23,3459771,1
7132,458,2025-05-21,24607883,1
7133,459,2025-03-04,287875,1
7134,459,2025-04-02,287875,2
7135,459,2025-05-03,287875,3
7136,459,2025-06-01,287875,4
7137,459,2025-07-05,287875,5
7138,459,2025-08-02,287875,6
7139,459,2025-09-07,287875,7
7140,459,2025-10-04,287875,8
7141,459,2025-11-07,287875,9
7142,459,2025-12-06,287875,10
7143,459,2026-01-02,287875,11
7144,460,2021-05-21,489469,1
7145,460,2021-06-17,489469,2
7146,460,2021-07-20,489469,3
7147,460,2021-08-17,489469,4
7148,460,2021-09-21,489469,5
7149,460,2021-10-18,489469,6
7150,460,2021-11-18,489469,7
7151,460,2021-12-22,489469,8
7152,460,2022-01-18,489469,9
7153,460,2022-02-22,489469,10
7154,460,2022-03-22,489469,11
7155,460,2022-04-21,489469,12
7156,460,2022-05-18,489469,13
7157,460,2022-06-22,489469,14
7158,460,2022-07-19,489469,15
7159,460,2022-08-20,489469,16
7160,460,2022-09-17,489469,17
7161,460,2022-10-17,489469,18
7162,460,2022-11-21,489469,19
7163,460,2022-12-18,489469,20
7164,460,2023-01-18,489469,21
7165,460,2023-02-22,489469,22
7166,460,2023-03-16,489469,23
7167,460,2023-04-22,489469,24
7168,460,2023-05-20,489469,25
7169,460,2023-06-19,489469,26
7170,460,2023-07-17,489469,27
7171,460,2023-08-22,489469,28
7172,460,2023-09-16,489469,29
7173,460,2023-10-16,489469,30
7174,460,2023-11-22,489469,31
7175,460,2023-12-21,489469,32
7176,460,2024-01-17,489469,33
7177,460,2024-02-21,489469,34
7178,460,2024-03-19,489469,35
7179,460,2024-04-16,489469,36
7180,460,2024-05-16,489469,37
7181,460,2024-06-20,489469,38
7182,461,2022-01-08,264345,1
7183,461,2022-02-06,264345,2
7184,461,2022-03-04,264345,3
7185,461,2022-04-05,264345,4
7186,461,2022-05-04,264345,5
7187,461,2022-06-10,264345,6
7188,461,2022-07-04,264345,7
7189,461,2022-08-09,264345,8
7190,461,2022-09-10,264345,9
7191,461,2022-10-09,264345,10
7192,461,2022-11-06,264345,11
7193,461,2022-12-10,264345,12
7194,461,2023-01-08,264345,13
7195,461,2023-02-04,264345,14
7196,461,2023-03-05,264345,15
7197,461,2023-04-07,264345,16
7198,461,2023-05-04,264345,17
7199,461,2023-06-04,264345,18
7200,461,2023-07-06,264345,19
7201,461,2023-08-08,264345,20
7202,461,2023-09-07,264345,21
7203,461,2023-10-10,264345,22
7204,461,2023-11-10,264345,23
7205,461,2023-12-10,264345,24
7206,461,2024-01-09,264345,25
7207,461,2024-02-09,264345,26
7208,462,2022-07-14,178625,1
7209,462,2022-08-14,178625,2
7210,462,2022-09-13,178625,3
7211,462,2022-10-12,178625,4
7212,462,2022-11-11,178625,5
7213,462,2022-12-15,178625,6
7214,462,2023-01-16,178625,7
7215,462,2023-02-14,178625,8
7216,462,2023-03-12,178625,9
7217,462,2023-04-12,178625,10
7218,462,2023-05-13,178625,11
7219,462,2023-06-13,178625,12
7220,462,2023-07-15,178625,13
7221,462,2023-08-16,178625,14
7222,462,2023-09-15,178625,15
7223,462,2023-10-11,178625,16
7224,462,2023-11-11,178625,17
7225,462,2023-12-15,178625,18
7226,462,2024-01-16,178625,19
7227,462,2024-02-15,178625,20
7228,462,2024-03-16,178625,21
7229,462,2024-04-16,178625,22
7230,462,2024-05-17,178625,23
7231,462,2024-06-14,178625,24
7232,462,2024-07-16,178625,25
7233,462,2024-08-13,178625,26
7234,462,2024-09-16,178625,27
7235,462,2024-10-16,178625,28
7236,462,2024-11-16,178625,29
7237,462,2024-12-17,178625,30
7238,462,2025-01-17,178625,31
7239,462,2025-02-11,178625,32
7240,462,2025-03-17,178625,33
7241,462,2025-04-13,178625,34
7242,462,2025-05-13,178625,35
7243,463,2021-09-01,99524,1
7244,463,2021-10-02,99524,2
7245,463,2021-11-04,99524,3
7246,463,2021-11-29,99524,4
7247,463,2022-01-01,99524,5
7248,463,2022-01-30,99524,6
7249,463,2022-03-02,99524,7
7250,463,2022-03-30,99524,8
7251,463,2022-05-01,99524,9
7252,463,2022-05-29,99524,10
7253,463,2022-07-04,99524,11
7254,463,2022-08-02,99524,12
7255,463,2022-08-29,99524,13
7256,463,2022-09-28,99524,14
7257,463,2022-10-29,99524,15
7258,463,2022-11-30,99524,16
7259,463,2023-01-04,99524,17
7260,463,2023-02-03,99524,18
7261,463,2023-03-04,99524,19
7262,463,2023-03-31,99524,20
7263,463,2023-05-03,99524,21
7264,463,2023-06-04,99524,22
7265,463,2023-06-28,99524,23
7266,463,2023-08-02,99524,24
7267,463,2023-09-03,99524,25
7268,463,2023-10-01,99524,26
7269,463,2023-11-01,99524,27
7270,463,2023-11-29,99524,28
7271,463,2024-01-03,99524,29
7272,463,2024-02-02,99524,30
7273,463,2024-02-29,99524,31
7274,463,2024-03-29,99524,32
7275,463,2024-04-29,99524,33
7276,463,2024-06-01,99524,34
7277,463,2024-06-30,99524,35
7278,463,2024-07-31,99524,36
7279,463,2024-08-29,99524,37
7280,463,2024-10-03,99524,38
7281,463,2024-11-01,99524,39
7282,463,2024-12-02,99524,40
7283,463,2024-12-31,99524,41
7284,464,2021-05-20,120535,1
7285,464,2021-06-19,120535,2
7286,464,2021-07-22,120535,3
7287,464,2021-08-21,120535,4
7288,464,2021-09-17,120535,5
7289,464,2021-10-19,120535,6
7290,464,2021-11-19,120535,7
7291,464,2021-12-18,120535,8
7292,464,2022-01-19,120535,9
7293,464,2022-02-22,120535,10
7294,464,2022-03-21,120535,11
7295,464,2022-04-21,120535,12
7296,464,2022-05-16,120535,13
7297,464,2022-06-21,120535,14
7298,464,2022-07-21,120535,15
7299,464,2022-08-18,120535,16
7300,464,2022-09-21,120535,17
7301,464,2022-10-16,120535,18
7302,464,2022-11-17,120535,19
7303,464,2022-12-22,120535,20
7304,464,2023-01-18,120535,21
7305,464,2023-02-17,120535,22
7306,464,2023-03-18,120535,23
7307,464,2023-04-20,120535,24
7308,464,2023-05-19,120535,25
7309,464,2023-06-20,120535,26
7310,464,2023-07-21,120535,27
7311,464,2023-08-17,120535,28
7312,464,2023-09-21,120535,29
7313,464,2023-10-19,120535,30
7314,464,2023-11-18,120535,31
7315,464,2023-12-19,120535,32
7316,464,2024-01-16,120535,33
7317,464,2024-02-19,120535,34
7318,464,2024-03-16,120535,35
7319,464,2024-04-19,120535,36
7320,464,2024-05-22,120535,37
7321,464,2024-06-16,120535,38
7322,464,2024-07-17,120535,39
7323,464,2024-08-21,120535,40
7324,464,2024-09-21,120535,41
7325,464,2024-10-20,120535,42
7326,464,2024-11-21,120535,43
7327,464,2024-12-18,120535,44
7328,464,2025-01-22,120535,45
7329,464,2025-02-19,120535,46
7330,464,2025-03-20,120535,47
7331,464,2025-04-18,120535,48
7332,464,2025-05-18,120535,49
7333,464,2025-06-16,120535,50
7334,464,2025-07-21,120535,51
7335,465,2019-03-25,428975,1
7336,465,2019-04-22,428975,2
7337,465,2019-05-22,428975,3
7338,465,2019-06-28,428975,4
7339,465,2019-07-28,428975,5
7340,465,2019-08-23,428975,6
7341,465,2019-09-27,428975,7
7342,465,2019-10-26,428975,8
7343,465,2019-11-24,428975,9
7344,465,2019-12-28,428975,10
7345,465,2020-01-24,428975,11
7346,465,2020-02-27,428975,12
7347,465,2020-03-27,428975,13
7348,465,2020-04-24,428975,14
7349,465,2020-05-28,428975,15
7350,465,2020-06-24,428975,16
7351,465,2020-07-23,428975,17
7352,465,2020-08-25,428975,18
7353,465,2020-09-28,428975,19
7354,465,2020-10-28,428975,20
7355,465,2020-11-26,428975,21
7356,466,2023-02-04,589407,1
7357,466,2023-03-05,589407,2
7358,466,2023-04-03,589407,3
7359,466,2023-05-05,589407,4
7360,466,2023-06-02,589407,5
7361,466,2023-07-04,589407,6
7362,466,2023-08-04,589407,7
7363,466,2023-09-04,589407,8
7364,466,2023-10-02,589407,9
7365,466,2023-11-02,589407,10
7366,466,2023-12-05,589407,11
7367,466,2024-01-01,589407,12
7368,466,2024-02-05,589407,13
7369,466,2024-03-03,589407,14
7370,466,2024-03-31,589407,15
7371,466,2024-05-04,589407,16
7372,466,2024-06-01,589407,17
7373,466,2024-06-30,589407,18
7374,466,2024-08-01,589407,19
7375,466,2024-09-06,589407,20
7376,466,2024-10-05,589407,21
7377,466,2024-11-02,589407,22
7378,466,2024-12-04,589407,23
7379,466,2025-01-05,589407,24
7380,466,2025-01-31,589407,25
7381,466,2025-03-06,589407,26
7382,466,2025-04-06,589407,27
7383,466,2025-05-06,589407,28
7384,467,2019-07-26,200000,1
7385,467,2019-08-28,200000,2
7386,467,2019-09-28,200000,3
7387,467,2019-10-25,200000,4
7388,467,2019-11-26,200000,5
7389,467,2019-12-25,200000,6
7390,467,2020-01-28,200000,7
7391,467,2020-02-26,200000,8
7392,467,2020-03-26,200000,9
7393,467,2020-04-26,200000,10
7394,467,2020-05-28,200000,11
7395,467,2020-06-25,200000,12
7396,467,2020-07-25,200000,13
7397,467,2020-08-26,200000,14
7398,467,2020-09-23,200000,15
7399,467,2020-10-24,200000,16
7400,467,2020-11-28,200000,17
7401,467,2020-12-24,200000,18
7402,467,2021-01-24,200000,19
7403,467,2021-02-25,200000,20
7404,467,2021-03-25,200000,21
7405,467,2021-04-23,200000,22
7406,467,2021-05-24,200000,23
7407,467,2021-06-24,200000,24
7408,467,2021-07-26,200000,25
7409,467,2021-08-25,200000,26
7410,467,2021-09-24,200000,27
7411,467,2021-10-27,200000,28
7412,467,2021-11-23,200000,29
7413,467,2021-12-27,200000,30
7414,467,2022-01-27,200000,31
7415,467,2022-02-28,200000,32
7416,467,2022-03-28,200000,33
7417,467,2022-04-23,200000,34
7418,467,2022-05-27,200000,35
7419,467,2022-06-24,200000,36
7420,467,2022-07-25,200000,37
7421,467,2022-08-23,200000,38
7422,467,2022-09-26,200000,39
7423,467,2022-10-27,200000,40
7424,467,2022-11-23,200000,41
7425,468,2021-12-24,200000,1
7426,468,2022-01-25,200000,2
7427,468,2022-02-26,200000,3
7428,468,2022-03-21,200000,4
7429,468,2022-04-21,200000,5
7430,468,2022-05-25,200000,6
7431,468,2022-06-25,200000,7
7432,468,2022-07-23,200000,8
7433,468,2022-08-27,200000,9
7434,468,2022-09-21,200000,10
7435,468,2022-10-26,200000,11
7436,468,2022-11-24,200000,12
7437,468,2022-12-26,200000,13
7438,468,2023-01-22,200000,14
7439,468,2023-02-22,200000,15
7440,468,2023-03-25,200000,16
7441,468,2023-04-23,200000,17
7442,468,2023-05-22,200000,18
7443,468,2023-06-21,200000,19
7444,468,2023-07-26,200000,20
7445,469,2025-04-10,200000,1
7446,470,2017-02-01,29476874,1
7447,471,2023-09-11,42012469,1
7448,472,2024-12-07,3611708,1
7449,473,2020-05-21,300000,1
7450,473,2020-06-19,300000,2
7451,473,2020-07-21,300000,3
7452,473,2020-08-22,300000,4
7453,473,2020-09-16,300000,5
7454,473,2020-10-16,300000,6
7455,473,2020-11-22,300000,7
7456,473,2020-12-21,300000,8
7457,473,2021-01-22,300000,9
7458,473,2021-02-18,300000,10
7459,473,2021-03-22,300000,11
7460,473,2021-04-20,300000,12
7461,473,2021-05-22,300000,13
7462,473,2021-06-16,300000,14
7463,473,2021-07-20,300000,15
7464,473,2021-08-16,300000,16
7465,473,2021-09-17,300000,17
7466,473,2021-10-19,300000,18
7467,473,2021-11-16,300000,19
7468,473,2021-12-20,300000,20
7469,473,2022-01-17,300000,21
7470,473,2022-02-16,300000,22
7471,473,2022-03-18,300000,23
7472,473,2022-04-22,300000,24
7473,473,2022-05-19,300000,25
7474,473,2022-06-16,300000,26
7475,473,2022-07-17,300000,27
7476,473,2022-08-18,300000,28
7477,473,2022-09-21,300000,29
7478,473,2022-10-17,300000,30
7479,474,2021-09-18,133784,1
7480,474,2021-10-21,133784,2
7481,474,2021-11-18,133784,3
7482,474,2021-12-17,133784,4
7483,474,2022-01-18,133784,5
7484,474,2022-02-18,133784,6
7485,474,2022-03-18,133784,7
7486,474,2022-04-18,133784,8
7487,474,2022-05-19,133784,9
7488,474,2022-06-19,133784,10
7489,474,2022-07-21,133784,11
7490,474,2022-08-16,133784,12
7491,474,2022-09-15,133784,13
7492,474,2022-10-18,133784,14
7493,474,2022-11-21,133784,15
7494,474,2022-12-16,133784,16
7495,474,2023-01-15,133784,17
7496,474,2023-02-20,133784,18
7497,474,2023-03-17,133784,19
7498,474,2023-04-19,133784,20
7499,474,2023-05-20,133784,21
7500,474,2023-06-15,133784,22
7501,474,2023-07-20,133784,23
7502,474,2023-08-17,133784,24
7503,474,2023-09-21,133784,25
7504,474,2023-10-15,133784,26
7505,474,2023-11-20,133784,27
7506,474,2023-12-19,133784,28
7507,474,2024-01-19,133784,29
7508,475,2023-05-08,536617,1
7509,475,2023-06-11,536617,2
7510,475,2023-07-05,536617,3
7511,475,2023-08-08,536617,4
7512,475,2023-09-05,536617,5
7513,475,2023-10-05,536617,6
7514,475,2023-11-08,536617,7
7515,475,2023-12-10,536617,8
7516,475,2024-01-10,536617,9
7517,475,2024-02-08,536617,10
7518,475,2024-03-11,536617,11
7519,475,2024-04-09,536617,12
7520,475,2024-05-05,536617,13
7521,475,2024-06-11,536617,14
7522,475,2024-07-05,536617,15
7523,475,2024-08-09,536617,16
7524,475,2024-09-10,536617,17
7525,475,2024-10-11,536617,18
7526,475,2024-11-07,536617,19
7527,475,2024-12-07,536617,20
7528,475,2025-01-07,536617,21
7529,476,2022-05-19,956092,1
7530,476,2022-06-18,956092,2
7531,476,2022-07-21,956092,3
7532,476,2022-08-16,956092,4
7533,476,2022-09-22,956092,5
7534,476,2022-10-19,956092,6
7535,476,2022-11-21,956092,7
7536,476,2022-12-20,956092,8
7537,476,2023-01-16,956092,9
7538,476,2023-02-16,956092,10
7539,476,2023-03-20,956092,11
7540,476,2023-04-22,956092,12
7541,476,2023-05-18,956092,13
7542,476,2023-06-21,956092,14
7543,476,2023-07-17,956092,15
7544,476,2023-08-19,956092,16
7545,476,2023-09-17,956092,17
7546,477,2023-09-10,363492,1
7547,477,2023-10-09,363492,2
7548,477,2023-11-08,363492,3
7549,477,2023-12-09,363492,4
7550,477,2024-01-07,363492,5
7551,477,2024-02-09,363492,6
7552,477,2024-03-09,363492,7
7553,478,2024-06-10,300000,1
7554,478,2024-07-10,300000,2
7555,478,2024-08-11,300000,3
7556,478,2024-09-08,300000,4
7557,478,2024-10-07,300000,5
7558,478,2024-11-06,300000,6
7559,478,2024-12-11,300000,7
7560,478,2025-01-08,300000,8
7561,478,2025-02-12,300000,9
7562,478,2025-03-07,300000,10
7563,478,2025-04-07,300000,11
7564,478,2025-05-11,300000,12
7565,478,2025-06-09,300000,13
7566,478,2025-07-06,300000,14
7567,478,2025-08-07,300000,15
7568,478,2025-09-11,300000,16
7569,478,2025-10-11,300000,17
7570,479,2024-05-18,113730,1
7571,479,2024-06-21,113730,2
7572,479,2024-07-16,113730,3
7573,479,2024-08-15,113730,4
7574,479,2024-09-18,113730,5
7575,479,2024-10-21,113730,6
7576,479,2024-11-15,113730,7
7577,479,2024-12-18,113730,8
7578,479,2025-01-16,113730,9
7579,479,2025-02-15,113730,10
7580,479,2025-03-21,113730,11
7581,479,2025-04-21,113730,12
7582,479,2025-05-20,113730,13
7583,479,2025-06-19,113730,14
7584,479,2025-07-17,113730,15
7585,479,2025-08-18,113730,16
7586,479,2025-09-20,113730,17
7587,479,2025-10-17,113730,18
7588,479,2025-11-17,113730,19
7589,479,2025-12-15,113730,20
7590,479,2026-01-17,113730,21
7591,479,2026-02-19,113730,22
7592,480,2024-05-19,505571,1
7593,480,2024-06-15,505571,2
7594,480,2024-07-15,505571,3
7595,480,2024-08-21,505571,4
7596,480,2024-09-15,505571,5
7597,480,2024-10-15,505571,6
7598,480,2024-11-18,505571,7
7599,480,2024-12-21,505571,8
7600,480,2025-01-17,505571,9
7601,480,2025-02-17,505571,10
7602,480,2025-03-15,505571,11
7603,480,2025-04-17,505571,12
7604,480,2025-05-17,505571,13
7605,480,2025-06-15,505571,14
7606,480,2025-07-17,505571,15
7607,481,2024-05-19,937165,1
7608,481,2024-06-16,937165,2
7609,481,2024-07-21,937165,3
7610,481,2024-08-19,937165,4
7611,481,2024-09-16,937165,5
7612,481,2024-10-15,937165,6
7613,481,2024-11-18,937165,7
7614,481,2024-12-18,937165,8
7615,481,2025-01-18,937165,9
7616,481,2025-02-19,937165,10
7617,481,2025-03-15,937165,11
7618,481,2025-04-19,937165,12
7619,482,2024-05-20,883678,1
7620,482,2024-06-18,883678,2
7621,482,2024-07-20,883678,3
7622,482,2024-08-21,883678,4
7623,482,2024-09-21,883678,5
7624,482,2024-10-20,883678,6
7625,482,2024-11-21,883678,7
7626,482,2024-12-18,883678,8
7627,482,2025-01-15,883678,9
7628,482,2025-02-20,883678,10
7629,483,2020-01-14,704341,1
7630,483,2020-02-11,704341,2
7631,483,2020-03-08,704341,3
7632,483,2020-04-12,704341,4
7633,483,2020-05-14,704341,5
7634,483,2020-06-14,704341,6
7635,483,2020-07-10,704341,7
7636,483,2020-08-09,704341,8
7637,483,2020-09-09,704341,9
7638,483,2020-10-10,704341,10
7639,483,2020-11-13,704341,11
7640,483,2020-12-09,704341,12
7641,483,2021-01-11,704341,13
7642,483,2021-02-08,704341,14
7643,483,2021-03-14,704341,15
7644,483,2021-04-14,704341,16
7645,483,2021-05-11,704341,17
7646,483,2021-06-09,704341,18
7647,484,2020-11-23,283995,1
7648,484,2020-12-19,283995,2
7649,484,2021-01-19,283995,3
7650,484,2021-02-25,283995,4
7651,484,2021-03-21,283995,5
7652,484,2021-04-25,283995,6
7653,484,2021-05-21,283995,7
7654,484,2021-06-25,283995,8
7655,484,2021-07-23,283995,9
7656,484,2021-08-24,283995,10
7657,484,2021-09-19,283995,11
7658,484,2021-10-25,283995,12
7659,484,2021-11-23,283995,13
7660,484,2021-12-21,283995,14
7661,484,2022-01-21,283995,15
7662,484,2022-02-19,283995,16
7663,484,2022-03-22,283995,17
7664,484,2022-04-25,283995,18
7665,484,2022-05-20,283995,19
7666,484,2022-06-21,283995,20
7667,484,2022-07-24,283995,21
7668,484,2022-08-24,283995,22
7669,484,2022-09-21,283995,23
7670,484,2022-10-22,283995,24
7671,484,2022-11-22,283995,25
7672,484,2022-12-23,283995,26
7673,484,2023-01-24,283995,27
7674,484,2023-02-23,283995,28
7675,484,2023-03-24,283995,29
7676,484,2023-04-25,283995,30
7677,484,2023-05-25,283995,31
7678,484,2023-06-20,283995,32
7679,484,2023-07-25,283995,33
7680,484,2023-08-20,283995,34
7681,484,2023-09-25,283995,35
7682,485,2022-05-22,300000,1
7683,485,2022-06-22,300000,2
7684,485,2022-07-19,300000,3
7685,485,2022-08-19,300000,4
7686,486,2022-05-22,112141,1
7687,486,2022-06-20,112141,2
7688,486,2022-07-18,112141,3
7689,486,2022-08-20,112141,4
7690,486,2022-09-18,112141,5
7691,486,2022-10-19,112141,6
7692,486,2022-11-20,112141,7
7693,486,2022-12-19,112141,8
7694,486,2023-01-17,112141,9
7695,486,2023-02-17,112141,10
7696,486,2023-03-16,112141,11
7697,486,2023-04-22,112141,12
7698,486,2023-05-20,112141,13
7699,486,2023-06-19,112141,14
7700,486,2023-07-18,112141,15
7701,486,2023-08-17,112141,16
7702,486,2023-09-22,112141,17
7703,486,2023-10-17,112141,18
7704,487,2023-12-18,145410,1
7705,487,2024-01-17,145410,2
7706,487,2024-02-18,145410,3
7707,487,2024-03-16,145410,4
7708,487,2024-04-20,145410,5
7709,487,2024-05-18,145410,6
7710,487,2024-06-15,145410,7
7711,487,2024-07-16,145410,8
7712,487,2024-08-20,145410,9
7713,487,2024-09-17,145410,10
7714,487,2024-10-20,145410,11
7715,487,2024-11-21,145410,12
7716,487,2024-12-15,145410,13
7717,487,2025-01-16,145410,14
7718,487,2025-02-17,145410,15
7719,487,2025-03-15,145410,16
7720,487,2025-04-20,145410,17
7721,487,2025-05-15,145410,18
7722,487,2025-06-16,145410,19
7723,487,2025-07-19,145410,20
7724,487,2025-08-15,145410,21
7725,487,2025-09-21,145410,22
7726,487,2025-10-15,145410,23
7727,487,2025-11-20,145410,24
7728,488,2023-10-05,371898,1
7729,488,2023-11-06,371898,2
7730,488,2023-12-06,371898,3
7731,488,2024-01-01,371898,4
7732,488,2024-02-02,371898,5
7733,489,2021-11-10,300000,1
7734,489,2021-12-12,300000,2
7735,489,2022-01-10,300000,3
7736,489,2022-02-08,300000,4
7737,489,2022-03-08,300000,5
7738,489,2022-04-11,300000,6
7739,489,2022-05-11,300000,7
7740,489,2022-06-08,300000,8
7741,489,2022-07-13,300000,9
7742,489,2022-08-11,300000,10
7743,489,2022-09-09,300000,11
7744,489,2022-10-12,300000,12
7745,489,2022-11-08,300000,13
7746,489,2022-12-11,300000,14
7747,489,2023-01-08,300000,15
7748,489,2023-02-10,300000,16
7749,489,2023-03-07,300000,17
7750,489,2023-04-12,300000,18
7751,489,2023-05-08,300000,19
7752,489,2023-06-07,300000,20
7753,489,2023-07-11,300000,21
7754,489,2023-08-07,300000,22
7755,489,2023-09-12,300000,23
7756,489,2023-10-08,300000,24
7757,489,2023-11-10,300000,25
7758,489,2023-12-13,300000,26
7759,489,2024-01-11,300000,27
7760,489,2024-02-08,300000,28
7761,489,2024-03-12,300000,29
7762,489,2024-04-11,300000,30
7763,489,2024-05-09,300000,31
7764,489,2024-06-07,300000,32
7765,489,2024-07-13,300000,33
7766,489,2024-08-12,300000,34
7767,490,2024-10-02,220641,1
7768,490,2024-11-04,220641,2
7769,490,2024-12-04,220641,3
7770,490,2024-12-31,220641,4
7771,490,2025-02-02,220641,5
7772,490,2025-03-01,220641,6
7773,490,2025-04-03,220641,7
7774,490,2025-05-02,220641,8
7775,490,2025-06-01,220641,9
7776,490,2025-07-01,220641,10
7777,490,2025-07-30,220641,11
7778,490,2025-09-03,220641,12
7779,490,2025-09-29,220641,13
7780,490,2025-10-31,220641,14
7781,490,2025-11-29,220641,15
7782,490,2026-01-05,220641,16
7783,490,2026-01-30,220641,17
7784,490,2026-03-05,220641,18
7785,490,2026-04-02,220641,19
7786,490,2026-05-04,220641,20
7787,490,2026-05-19,220641,21
7788,490,2026-05-19,220641,22
7789,490,2026-05-19,220641,23
7790,490,2026-05-19,220641,24
7791,490,2026-05-19,220641,25
7792,490,2026-05-19,220641,26
7793,490,2026-05-19,220641,27
7794,490,2026-05-19,220641,28
7795,490,2026-05-19,220641,29
7796,490,2026-05-19,220641,30
7797,490,2026-05-19,220641,31
7798,490,2026-05-19,220641,32
7799,490,2026-05-19,220641,33
7800,490,2026-05-19,220641,34
7801,490,2026-05-19,220641,35
7802,490,2026-05-19,220641,36
7803,490,2026-05-19,220641,37
7804,490,2026-05-19,220641,38
7805,490,2026-05-19,220641,39
7806,490,2026-05-19,220641,40
7807,490,2026-05-19,220641,41
7808,490,2026-05-19,220641,42
7809,490,2026-05-19,220641,43
7810,490,2026-05-19,220641,44
7811,491,2019-03-01,571273,1
7812,491,2019-04-01,571273,2
7813,491,2019-04-28,571273,3
7814,491,2019-05-31,571273,4
7815,491,2019-07-04,571273,5
7816,491,2019-07-31,571273,6
7817,491,2019-09-03,571273,7
7818,491,2019-09-29,571273,8
7819,491,2019-11-04,571273,9
7820,491,2019-12-04,571273,10
7821,491,2020-01-03,571273,11
7822,491,2020-02-03,571273,12
7823,491,2020-03-02,571273,13
7824,491,2020-03-29,571273,14
7825,491,2020-04-29,571273,15
7826,491,2020-06-01,571273,16
7827,491,2020-07-04,571273,17
7828,491,2020-08-01,571273,18
7829,491,2020-08-31,571273,19
7830,491,2020-09-30,571273,20
7831,491,2020-11-01,571273,21
7832,491,2020-11-30,571273,22
7833,491,2020-12-29,571273,23
7834,491,2021-02-03,571273,24
7835,491,2021-02-28,571273,25
7836,491,2021-04-02,571273,26
7837,491,2021-04-30,571273,27
7838,491,2021-05-30,571273,28
7839,491,2021-06-28,571273,29
7840,491,2021-07-30,571273,30
7841,491,2021-08-30,571273,31
7842,491,2021-10-02,571273,32
7843,491,2021-10-29,571273,33
7844,491,2021-11-28,571273,34
7845,491,2021-12-29,571273,35
7846,491,2022-01-29,571273,36
7847,491,2022-02-26,571273,37
7848,491,2022-04-02,571273,38
7849,491,2022-04-30,571273,39
7850,491,2022-05-30,571273,40
7851,491,2022-06-28,571273,41
7852,491,2022-08-04,571273,42
7853,491,2022-08-31,571273,43
7854,491,2022-09-30,571273,44
7855,491,2022-10-30,571273,45
7856,492,2023-10-01,678307,1
7857,492,2023-11-01,678307,2
7858,492,2023-12-02,678307,3
7859,492,2023-12-29,678307,4
7860,492,2024-02-02,678307,5
7861,492,2024-03-04,678307,6
7862,492,2024-03-30,678307,7
7863,492,2024-05-02,678307,8
7864,492,2024-05-29,678307,9
7865,492,2024-06-29,678307,10
7866,492,2024-08-02,678307,11
7867,492,2024-09-01,678307,12
7868,492,2024-10-03,678307,13
7869,492,2024-10-30,678307,14
7870,492,2024-12-03,678307,15
7871,492,2024-12-30,678307,16
7872,492,2025-02-01,678307,17
7873,492,2025-03-03,678307,18
7874,492,2025-03-31,678307,19
7875,492,2025-04-28,678307,20
7876,492,2025-05-31,678307,21
7877,492,2025-07-02,678307,22
7878,492,2025-08-01,678307,23
7879,492,2025-08-31,678307,24
7880,492,2025-09-29,678307,25
7881,492,2025-11-02,678307,26
7882,492,2025-12-02,678307,27
7883,493,2025-05-19,26115,1
7884,493,2025-06-16,26115,2
7885,493,2025-07-21,26115,3
7886,493,2025-08-20,26115,4
7887,493,2025-09-18,26115,5
7888,493,2025-10-21,26115,6
7889,493,2025-11-17,26115,7
7890,494,2025-05-21,23570,1
7891,494,2025-06-15,23570,2
7892,494,2025-07-17,23570,3
7893,494,2025-08-16,23570,4
7894,494,2025-09-17,23570,5
7895,495,2025-05-20,56336,1
7896,495,2025-06-16,56336,2
7897,495,2025-07-21,56336,3
7898,495,2025-08-20,56336,4
7899,495,2025-09-21,56336,5
7900,496,2025-07-06,122793,1
7901,496,2025-08-04,122793,2
7902,496,2025-09-09,122793,3
7903,496,2025-10-03,122793,4
7904,496,2025-11-08,122793,5
7905,496,2025-12-09,122793,6
7906,496,2026-01-05,122793,7
7907,496,2026-02-06,122793,8
7908,497,2022-02-11,374283,1
7909,497,2022-03-08,374283,2
7910,497,2022-04-09,374283,3
7911,497,2022-05-11,374283,4
7912,497,2022-06-09,374283,5
7913,497,2022-07-08,374283,6
7914,497,2022-08-13,374283,7
7915,497,2022-09-13,374283,8
7916,497,2022-10-10,374283,9
7917,497,2022-11-13,374283,10
7918,497,2022-12-13,374283,11
7919,497,2023-01-07,374283,12
7920,497,2023-02-10,374283,13
7921,497,2023-03-11,374283,14
7922,497,2023-04-12,374283,15
7923,497,2023-05-07,374283,16
7924,497,2023-06-11,374283,17
7925,497,2023-07-08,374283,18
7926,497,2023-08-07,374283,19
7927,498,2023-05-19,300000,1
7928,498,2023-06-19,300000,2
7929,498,2023-07-21,300000,3
7930,498,2023-08-17,300000,4
7931,498,2023-09-22,300000,5
7932,498,2023-10-18,300000,6
7933,498,2023-11-17,300000,7
7934,498,2023-12-17,300000,8
7935,498,2024-01-21,300000,9
7936,498,2024-02-18,300000,10
7937,499,2020-05-03,957125,1
7938,499,2020-06-01,957125,2
7939,499,2020-06-29,957125,3
7940,499,2020-07-27,957125,4
7941,499,2020-09-01,957125,5
7942,499,2020-10-01,957125,6
7943,499,2020-10-27,957125,7
7944,499,2020-11-29,957125,8
7945,499,2020-12-28,957125,9
7946,499,2021-01-30,957125,10
7947,499,2021-03-03,957125,11
7948,499,2021-03-29,957125,12
7949,499,2021-05-02,957125,13
7950,499,2021-05-27,957125,14
7951,499,2021-06-30,957125,15
7952,499,2021-07-27,957125,16
7953,499,2021-09-01,957125,17
7954,499,2021-09-27,957125,18
7955,500,2026-03-23,788614,1
7956,501,2018-11-15,709975,1
7957,501,2018-12-12,709975,2
7958,501,2019-01-16,709975,3
7959,501,2019-02-13,709975,4
7960,501,2019-03-18,709975,5
7961,501,2019-04-18,709975,6
7962,501,2019-05-17,709975,7
7963,501,2019-06-18,709975,8
7964,501,2019-07-14,709975,9
7965,501,2019-08-12,709975,10
7966,501,2019-09-18,709975,11
7967,501,2019-10-18,709975,12
7968,501,2019-11-13,709975,13
7969,501,2019-12-13,709975,14
7970,501,2020-01-15,709975,15
7971,501,2020-02-16,709975,16
7972,501,2020-03-14,709975,17
7973,501,2020-04-18,709975,18
7974,501,2020-05-18,709975,19
7975,501,2020-06-12,709975,20
7976,501,2020-07-15,709975,21
7977,501,2020-08-16,709975,22
7978,501,2020-09-15,709975,23
7979,501,2020-10-17,709975,24
7980,501,2020-11-16,709975,25
7981,501,2020-12-18,709975,26
7982,501,2021-01-18,709975,27
7983,501,2021-02-16,709975,28
7984,501,2021-03-18,709975,29
7985,501,2021-04-14,709975,30
7986,501,2021-05-16,709975,31
7987,501,2021-06-15,709975,32
7988,501,2021-07-16,709975,33
7989,501,2021-08-18,709975,34
7990,501,2021-09-14,709975,35
7991,501,2021-10-14,709975,36
7992,501,2021-11-17,709975,37
7993,501,2021-12-15,709975,38
7994,501,2022-01-13,709975,39
7995,501,2022-02-13,709975,40
7996,501,2022-03-16,709975,41
7997,501,2022-04-17,709975,42
7998,501,2022-05-12,709975,43
7999,501,2022-06-16,709975,44
8000,501,2022-07-17,709975,45
8001,501,2022-08-15,709975,46
8002,501,2022-09-15,709975,47
8003,501,2022-10-15,709975,48
8004,501,2022-11-15,709975,49
8005,501,2022-12-15,709975,50
8006,501,2023-01-17,709975,51
8007,501,2023-02-17,709975,52
8008,501,2023-03-14,709975,53
8009,501,2023-04-13,709975,54
8010,501,2023-05-18,709975,55
8011,501,2023-06-15,709975,56
8012,501,2023-07-12,709975,57
8013,501,2023-08-18,709975,58
8014,501,2023-09-17,709975,59
8015,501,2023-10-12,709975,60
8016,501,2023-11-12,709975,61
8017,501,2023-12-12,709975,62
8018,501,2024-01-14,709975,63
8019,501,2024-02-17,709975,64
8020,501,2024-03-12,709975,65
8021,502,2024-08-21,31808566,1
8022,503,2023-12-22,42939755,1
8023,504,2023-06-03,500000,1
8024,504,2023-06-30,500000,2
8025,504,2023-08-01,500000,3
8026,504,2023-09-01,500000,4
8027,504,2023-10-05,500000,5
8028,504,2023-11-04,500000,6
8029,504,2023-12-02,500000,7
8030,504,2024-01-03,500000,8
8031,504,2024-02-04,500000,9
8032,504,2024-02-28,500000,10
8033,504,2024-04-03,500000,11
8034,504,2024-05-04,500000,12
8035,504,2024-06-03,500000,13
8036,504,2024-07-02,500000,14
8037,504,2024-07-30,500000,15
8038,504,2024-09-02,500000,16
8039,504,2024-10-05,500000,17
8040,504,2024-10-30,500000,18
8041,504,2024-11-30,500000,19
8042,504,2025-01-04,500000,20
8043,504,2025-01-30,500000,21
8044,504,2025-03-05,500000,22
8045,504,2025-04-05,500000,23
8046,504,2025-05-02,500000,24
8047,505,2025-05-20,261545,1
8048,505,2025-06-16,261545,2
8049,505,2025-07-18,261545,3
8050,505,2025-08-16,261545,4
8051,505,2025-09-20,261545,5
8052,505,2025-10-19,261545,6
8053,505,2025-11-15,261545,7
8054,505,2025-12-15,261545,8
8055,506,2025-10-30,300000,1
8056,506,2025-12-02,300000,2
8057,506,2025-12-27,300000,3
8058,506,2026-01-29,300000,4
8059,506,2026-03-01,300000,5
8060,507,2023-05-19,200000,1
8061,507,2023-06-18,200000,2
8062,507,2023-07-21,200000,3
8063,507,2023-08-20,200000,4
8064,507,2023-09-20,200000,5
8065,507,2023-10-22,200000,6
8066,507,2023-11-16,200000,7
8067,507,2023-12-16,200000,8
8068,507,2024-01-19,200000,9
8069,507,2024-02-21,200000,10
8070,507,2024-03-20,200000,11
8071,507,2024-04-17,200000,12
8072,507,2024-05-18,200000,13
8073,507,2024-06-16,200000,14
8074,507,2024-07-18,200000,15
8075,507,2024-08-18,200000,16
8076,507,2024-09-19,200000,17
8077,507,2024-10-20,200000,18
8078,507,2024-11-16,200000,19
8079,507,2024-12-18,200000,20
8080,507,2025-01-16,200000,21
8081,507,2025-02-17,200000,22
8082,507,2025-03-19,200000,23
8083,507,2025-04-17,200000,24
8084,508,2023-05-19,200000,1
8085,508,2023-06-21,200000,2
8086,508,2023-07-20,200000,3
8087,508,2023-08-17,200000,4
8088,508,2023-09-16,200000,5
8089,508,2023-10-22,200000,6
8090,508,2023-11-19,200000,7
8091,508,2023-12-19,200000,8
8092,508,2024-01-18,200000,9
8093,508,2024-02-19,200000,10
8094,508,2024-03-20,200000,11
8095,508,2024-04-22,200000,12
8096,508,2024-05-21,200000,13
8097,508,2024-06-20,200000,14
8098,508,2024-07-18,200000,15
8099,508,2024-08-20,200000,16
8100,508,2024-09-21,200000,17
8101,508,2024-10-17,200000,18
8102,508,2024-11-18,200000,19
8103,508,2024-12-17,200000,20
8104,508,2025-01-16,200000,21
8105,508,2025-02-17,200000,22
8106,508,2025-03-16,200000,23
8107,508,2025-04-16,200000,24
8108,508,2025-05-17,200000,25
8109,508,2025-06-18,200000,26
8110,508,2025-07-21,200000,27
8111,508,2025-08-20,200000,28
8112,508,2025-09-20,200000,29
8113,508,2025-10-21,200000,30
8114,508,2025-11-22,200000,31
8115,508,2025-12-22,200000,32
8116,508,2026-01-16,200000,33
8117,508,2026-02-16,200000,34
8118,508,2026-03-18,200000,35
8119,508,2026-04-19,200000,36
8120,508,2026-05-17,200000,37
8121,508,2026-05-19,200000,38
8122,508,2026-05-19,200000,39
8123,508,2026-05-19,200000,40
8124,508,2026-05-19,200000,41
8125,508,2026-05-19,200000,42
8126,508,2026-05-19,200000,43
8127,508,2026-05-19,200000,44
8128,508,2026-05-19,200000,45
8129,508,2026-05-19,200000,46
8130,509,2023-05-19,200000,1
8131,509,2023-06-22,200000,2
8132,509,2023-07-16,200000,3
8133,509,2023-08-16,200000,4
8134,509,2023-09-19,200000,5
8135,509,2023-10-19,200000,6
8136,509,2023-11-18,200000,7
8137,509,2023-12-17,200000,8
8138,509,2024-01-20,200000,9
8139,509,2024-02-20,200000,10
8140,509,2024-03-20,200000,11
8141,509,2024-04-18,200000,12
8142,509,2024-05-19,200000,13
8143,509,2024-06-21,200000,14
8144,509,2024-07-22,200000,15
8145,510,2025-05-19,300000,1
8146,510,2025-06-19,300000,2
8147,510,2025-07-15,300000,3
8148,510,2025-08-16,300000,4
8149,510,2025-09-19,300000,5
8150,510,2025-10-20,300000,6
8151,510,2025-11-19,300000,7
8152,510,2025-12-17,300000,8
8153,510,2026-01-16,300000,9
8154,510,2026-02-17,300000,10
8155,510,2026-03-16,300000,11
8156,510,2026-04-17,300000,12
8157,511,2025-07-09,300000,1
8158,511,2025-08-10,300000,2
8159,511,2025-09-07,300000,3
8160,511,2025-10-07,300000,4
8161,511,2025-11-11,300000,5
8162,511,2025-12-10,300000,6
8163,511,2026-01-09,300000,7
8164,511,2026-02-10,300000,8
8165,512,2025-05-21,253883,1
8166,512,2025-06-15,253883,2
8167,512,2025-07-19,253883,3
8168,512,2025-08-17,253883,4
8169,512,2025-09-17,253883,5
8170,512,2025-10-16,253883,6
8171,512,2025-11-18,253883,7
8172,512,2025-12-21,253883,8
8173,512,2026-01-20,253883,9
8174,513,2021-05-19,38804187,1
8175,514,2021-05-19,15938131,1
8176,515,2022-05-22,66446,1
8177,515,2022-06-22,66446,2
8178,515,2022-07-17,66446,3
8179,515,2022-08-19,66446,4
8180,515,2022-09-17,66446,5
8181,515,2022-10-21,66446,6
8182,515,2022-11-20,66446,7
8183,516,2023-02-06,248356,1
8184,516,2023-03-02,248356,2
8185,516,2023-04-07,248356,3
8186,516,2023-05-04,248356,4
8187,516,2023-06-05,248356,5
8188,516,2023-07-02,248356,6
8189,516,2023-08-04,248356,7
8190,516,2023-09-04,248356,8
8191,516,2023-10-02,248356,9
8192,516,2023-11-06,248356,10
8193,516,2023-12-04,248356,11
8194,516,2024-01-06,248356,12
8195,516,2024-02-02,248356,13
8196,516,2024-03-06,248356,14
8197,516,2024-04-03,248356,15
8198,516,2024-05-05,248356,16
8199,516,2024-06-08,248356,17
8200,516,2024-07-04,248356,18
8201,516,2024-08-07,248356,19
8202,516,2024-09-05,248356,20
8203,516,2024-10-08,248356,21
8204,516,2024-11-06,248356,22
8205,516,2024-12-04,248356,23
8206,516,2025-01-06,248356,24
8207,516,2025-02-03,248356,25
8208,516,2025-03-02,248356,26
8209,516,2025-04-04,248356,27
8210,516,2025-05-08,248356,28
8211,516,2025-06-08,248356,29
8212,516,2025-07-03,248356,30
8213,516,2025-08-03,248356,31
8214,516,2025-09-04,248356,32
8215,516,2025-10-06,248356,33
8216,517,2019-07-05,200000,1
8217,517,2019-08-06,200000,2
8218,517,2019-09-07,200000,3
8219,517,2019-10-04,200000,4
8220,517,2019-11-02,200000,5
8221,517,2019-12-02,200000,6
8222,517,2020-01-02,200000,7
8223,517,2020-02-08,200000,8
8224,517,2020-03-03,200000,9
8225,517,2020-04-05,200000,10
8226,517,2020-05-06,200000,11
8227,517,2020-06-04,200000,12
8228,517,2020-07-07,200000,13
8229,517,2020-08-04,200000,14
8230,517,2020-09-07,200000,15
8231,517,2020-10-08,200000,16
8232,517,2020-11-03,200000,17
8233,517,2020-12-02,200000,18
8234,517,2021-01-03,200000,19
8235,517,2021-02-08,200000,20
8236,517,2021-03-05,200000,21
8237,517,2021-04-05,200000,22
8238,517,2021-05-08,200000,23
8239,517,2021-06-07,200000,24
8240,517,2021-07-06,200000,25
8241,517,2021-08-06,200000,26
8242,517,2021-09-07,200000,27
8243,517,2021-10-05,200000,28
8244,517,2021-11-05,200000,29
8245,517,2021-12-05,200000,30
8246,517,2022-01-03,200000,31
8247,517,2022-02-05,200000,32
8248,517,2022-03-04,200000,33
8249,517,2022-04-02,200000,34
8250,517,2022-05-05,200000,35
8251,517,2022-06-07,200000,36
8252,517,2022-07-02,200000,37
8253,517,2022-08-03,200000,38
8254,517,2022-09-07,200000,39
8255,517,2022-10-02,200000,40
8256,517,2022-11-07,200000,41
8257,517,2022-12-03,200000,42
8258,517,2023-01-04,200000,43
8259,518,2025-01-26,16156005,1
8260,519,2024-09-30,37781001,1
8261,520,2019-08-20,12686400,1
8262,521,2022-11-26,33808277,1
8263,522,2023-10-06,578628,1
8264,523,2018-12-22,405684,1
8265,523,2019-01-22,405684,2
8266,523,2019-02-24,405684,3
8267,523,2019-03-25,405684,4
8268,523,2019-04-20,405684,5
8269,523,2019-05-21,405684,6
8270,523,2019-06-19,405684,7
8271,523,2019-07-23,405684,8
8272,523,2019-08-19,405684,9
8273,523,2019-09-19,405684,10
8274,523,2019-10-21,405684,11
8275,523,2019-11-19,405684,12
8276,523,2019-12-20,405684,13
8277,523,2020-01-20,405684,14
8278,523,2020-02-22,405684,15
8279,523,2020-03-24,405684,16
8280,523,2020-04-25,405684,17
8281,523,2020-05-23,405684,18
8282,523,2020-06-19,405684,19
8283,524,2018-05-20,179742,1
8284,524,2018-06-22,179742,2
8285,524,2018-07-23,179742,3
8286,524,2018-08-18,179742,4
8287,524,2018-09-21,179742,5
8288,524,2018-10-19,179742,6
8289,524,2018-11-17,179742,7
8290,524,2018-12-17,179742,8
8291,524,2019-01-20,179742,9
8292,524,2019-02-18,179742,10
8293,524,2019-03-23,179742,11
8294,524,2019-04-20,179742,12
8295,524,2019-05-19,179742,13
8296,524,2019-06-20,179742,14
8297,524,2019-07-22,179742,15
8298,524,2019-08-17,179742,16
8299,524,2019-09-17,179742,17
8300,524,2019-10-21,179742,18
8301,524,2019-11-21,179742,19
8302,524,2019-12-23,179742,20
8303,524,2020-01-19,179742,21
8304,524,2020-02-22,179742,22
8305,524,2020-03-18,179742,23
8306,524,2020-04-20,179742,24
8307,524,2020-05-23,179742,25
8308,524,2020-06-19,179742,26
8309,524,2020-07-21,179742,27
8310,524,2020-08-20,179742,28
8311,524,2020-09-21,179742,29
8312,524,2020-10-20,179742,30
8313,525,2020-04-04,300000,1
8314,525,2020-05-07,300000,2
8315,525,2020-06-07,300000,3
8316,525,2020-07-07,300000,4
8317,525,2020-08-05,300000,5
8318,525,2020-09-05,300000,6
8319,525,2020-10-03,300000,7
8320,525,2020-11-04,300000,8
8321,525,2020-12-02,300000,9
8322,525,2021-01-07,300000,10
8323,525,2021-02-06,300000,11
8324,525,2021-03-04,300000,12
8325,525,2021-04-06,300000,13
8326,525,2021-05-03,300000,14
8327,525,2021-06-03,300000,15
8328,525,2021-07-03,300000,16
8329,525,2021-08-01,300000,17
8330,525,2021-09-06,300000,18
8331,525,2021-10-04,300000,19
8332,525,2021-11-04,300000,20
8333,525,2021-12-05,300000,21
8334,525,2022-01-05,300000,22
8335,525,2022-02-07,300000,23
8336,525,2022-03-05,300000,24
8337,525,2022-04-03,300000,25
8338,525,2022-05-04,300000,26
8339,525,2022-06-06,300000,27
8340,525,2022-07-03,300000,28
8341,525,2022-08-01,300000,29
8342,525,2022-09-05,300000,30
8343,525,2022-10-03,300000,31
8344,525,2022-11-03,300000,32
8345,525,2022-12-01,300000,33
8346,526,2020-07-30,300000,1
8347,526,2020-09-01,300000,2
8348,526,2020-10-03,300000,3
8349,526,2020-10-31,300000,4
8350,526,2020-11-30,300000,5
8351,526,2020-12-30,300000,6
8352,526,2021-01-29,300000,7
8353,526,2021-02-27,300000,8
8354,526,2021-03-30,300000,9
8355,526,2021-05-01,300000,10
8356,526,2021-05-30,300000,11
8357,526,2021-07-03,300000,12
8358,526,2021-07-31,300000,13
8359,526,2021-08-29,300000,14
8360,526,2021-09-27,300000,15
8361,526,2021-11-01,300000,16
8362,526,2021-12-03,300000,17
8363,526,2022-01-02,300000,18
8364,526,2022-01-29,300000,19
8365,526,2022-02-27,300000,20
8366,526,2022-03-28,300000,21
8367,526,2022-05-03,300000,22
8368,526,2022-05-28,300000,23
8369,526,2022-06-28,300000,24
8370,526,2022-08-01,300000,25
8371,526,2022-08-28,300000,26
8372,526,2022-10-01,300000,27
8373,526,2022-10-30,300000,28
8374,526,2022-11-27,300000,29
8375,526,2022-12-29,300000,30
8376,527,2020-05-19,21327843,1
8377,528,2024-05-18,45767279,1
8378,529,2023-05-19,19668,1
8379,529,2023-06-19,19668,2
8380,529,2023-07-16,19668,3
8381,529,2023-08-21,19668,4
8382,529,2023-09-16,19668,5
8383,529,2023-10-19,19668,6
8384,529,2023-11-22,19668,7
8385,529,2023-12-21,19668,8
8386,529,2024-01-21,19668,9
8387,529,2024-02-20,19668,10
8388,529,2024-03-20,19668,11
8389,529,2024-04-17,19668,12
8390,529,2024-05-18,19668,13
8391,529,2024-06-20,19668,14
8392,529,2024-07-16,19668,15
8393,529,2024-08-20,19668,16
8394,529,2024-09-17,19668,17
8395,529,2024-10-21,19668,18
8396,529,2024-11-17,19668,19
8397,529,2024-12-21,19668,20
8398,529,2025-01-22,19668,21
8399,529,2025-02-22,19668,22
8400,530,2023-05-19,65343,1
8401,530,2023-06-19,65343,2
8402,530,2023-07-21,65343,3
8403,530,2023-08-22,65343,4
8404,530,2023-09-16,65343,5
8405,530,2023-10-21,65343,6
8406,530,2023-11-21,65343,7
8407,530,2023-12-22,65343,8
8408,530,2024-01-16,65343,9
8409,531,2022-05-19,200000,1
8410,531,2022-06-20,200000,2
8411,531,2022-07-16,200000,3
8412,531,2022-08-16,200000,4
8413,531,2022-09-19,200000,5
8414,531,2022-10-21,200000,6
8415,531,2022-11-16,200000,7
8416,531,2022-12-18,200000,8
8417,531,2023-01-21,200000,9
8418,531,2023-02-18,200000,10
8419,531,2023-03-16,200000,11
8420,531,2023-04-16,200000,12
8421,531,2023-05-19,200000,13
8422,531,2023-06-16,200000,14
8423,531,2023-07-21,200000,15
8424,531,2023-08-22,200000,16
8425,531,2023-09-21,200000,17
8426,531,2023-10-21,200000,18
8427,531,2023-11-19,200000,19
8428,531,2023-12-19,200000,20
8429,531,2024-01-16,200000,21
8430,531,2024-02-17,200000,22
8431,531,2024-03-17,200000,23
8432,531,2024-04-19,200000,24
8433,531,2024-05-16,200000,25
8434,531,2024-06-17,200000,26
8435,531,2024-07-16,200000,27
8436,531,2024-08-16,200000,28
8437,531,2024-09-16,200000,29
8438,531,2024-10-20,200000,30
8439,531,2024-11-21,200000,31
8440,531,2024-12-16,200000,32
8441,531,2025-01-20,200000,33
8442,531,2025-02-19,200000,34
8443,531,2025-03-17,200000,35
8444,531,2025-04-21,200000,36
8445,531,2025-05-22,200000,37
8446,531,2025-06-17,200000,38
8447,532,2020-05-19,500000,1
8448,532,2020-06-21,500000,2
8449,532,2020-07-16,500000,3
8450,532,2020-08-21,500000,4
8451,532,2020-09-16,500000,5
8452,532,2020-10-22,500000,6
8453,532,2020-11-22,500000,7
8454,532,2020-12-16,500000,8
8455,532,2021-01-17,500000,9
8456,532,2021-02-19,500000,10
8457,532,2021-03-17,500000,11
8458,532,2021-04-19,500000,12
8459,532,2021-05-21,500000,13
8460,533,2020-05-22,485035,1
8461,533,2020-06-17,485035,2
8462,533,2020-07-21,485035,3
8463,533,2020-08-17,485035,4
8464,533,2020-09-17,485035,5
8465,533,2020-10-22,485035,6
8466,533,2020-11-17,485035,7
8467,533,2020-12-17,485035,8
8468,533,2021-01-22,485035,9
8469,533,2021-02-19,485035,10
8470,533,2021-03-16,485035,11
8471,533,2021-04-18,485035,12
8472,533,2021-05-20,485035,13
8473,534,2022-05-21,300000,1
8474,534,2022-06-18,300000,2
8475,534,2022-07-17,300000,3
8476,534,2022-08-21,300000,4
8477,534,2022-09-19,300000,5
8478,534,2022-10-22,300000,6
8479,534,2022-11-19,300000,7
8480,534,2022-12-20,300000,8
8481,534,2023-01-16,300000,9
8482,534,2023-02-20,300000,10
8483,534,2023-03-18,300000,11
8484,534,2023-04-17,300000,12
8485,534,2023-05-18,300000,13
8486,534,2023-06-22,300000,14
8487,534,2023-07-21,300000,15
8488,534,2023-08-19,300000,16
8489,534,2023-09-20,300000,17
8490,534,2023-10-20,300000,18
8491,534,2023-11-22,300000,19
8492,534,2023-12-20,300000,20
8493,534,2024-01-22,300000,21
8494,534,2024-02-18,300000,22
8495,534,2024-03-19,300000,23
8496,534,2024-04-17,300000,24
8497,534,2024-05-21,300000,25
8498,534,2024-06-17,300000,26
8499,534,2024-07-18,300000,27
8500,534,2024-08-21,300000,28
8501,534,2024-09-20,300000,29
8502,534,2024-10-16,300000,30
8503,535,2024-11-16,300000,1
8504,535,2024-12-19,300000,2
8505,535,2025-01-19,300000,3
8506,535,2025-02-15,300000,4
8507,535,2025-03-16,300000,5
8508,535,2025-04-16,300000,6
8509,535,2025-05-18,300000,7
8510,535,2025-06-14,300000,8
8511,535,2025-07-18,300000,9
8512,535,2025-08-14,300000,10
8513,535,2025-09-19,300000,11
8514,535,2025-10-15,300000,12
8515,535,2025-11-19,300000,13
8516,535,2025-12-13,300000,14
8517,535,2026-01-16,300000,15
8518,536,2022-04-09,11140882,1
8519,537,2019-11-10,48539412,1
8520,538,2018-02-26,191945,1
8521,538,2018-03-25,191945,2
8522,538,2018-04-27,191945,3
8523,538,2018-05-22,191945,4
8524,538,2018-06-25,191945,5
8525,538,2018-07-24,191945,6
8526,538,2018-08-25,191945,7
8527,538,2018-09-24,191945,8
8528,538,2018-10-24,191945,9
8529,538,2018-11-24,191945,10
8530,539,2025-02-01,189869,1
8531,539,2025-03-01,189869,2
8532,539,2025-03-30,189869,3
8533,539,2025-04-30,189869,4
8534,539,2025-05-31,189869,5
8535,539,2025-07-02,189869,6
8536,539,2025-08-02,189869,7
8537,539,2025-09-03,189869,8
8538,539,2025-10-04,189869,9
8539,539,2025-11-04,189869,10
8540,539,2025-11-28,189869,11
8541,539,2026-01-04,189869,12
8542,540,2020-09-08,500000,1
8543,540,2020-10-07,500000,2
8544,540,2020-11-10,500000,3
8545,540,2020-12-09,500000,4
8546,540,2021-01-07,500000,5
8547,540,2021-02-08,500000,6
8548,540,2021-03-08,500000,7
8549,540,2021-04-07,500000,8
8550,540,2021-05-08,500000,9
8551,540,2021-06-07,500000,10
8552,540,2021-07-06,500000,11
8553,540,2021-08-07,500000,12
8554,540,2021-09-11,500000,13
8555,540,2021-10-07,500000,14
8556,540,2021-11-08,500000,15
8557,540,2021-12-11,500000,16
8558,540,2022-01-08,500000,17
8559,540,2022-02-05,500000,18
8560,540,2022-03-05,500000,19
8561,540,2022-04-11,500000,20
8562,540,2022-05-06,500000,21
8563,541,2017-02-22,500000,1
8564,541,2017-03-21,500000,2
8565,541,2017-04-19,500000,3
8566,541,2017-05-23,500000,4
8567,541,2017-06-24,500000,5
8568,541,2017-07-21,500000,6
8569,541,2017-08-24,500000,7
8570,541,2017-09-20,500000,8
8571,541,2017-10-20,500000,9
8572,541,2017-11-18,500000,10
8573,541,2017-12-24,500000,11
8574,541,2018-01-23,500000,12
8575,541,2018-02-22,500000,13
8576,541,2018-03-21,500000,14
8577,541,2018-04-19,500000,15
8578,541,2018-05-23,500000,16
8579,541,2018-06-23,500000,17
8580,541,2018-07-20,500000,18
8581,541,2018-08-24,500000,19
8582,541,2018-09-18,500000,20
8583,542,2022-06-26,233468,1
8584,542,2022-07-24,233468,2
8585,542,2022-08-23,233468,3
8586,542,2022-09-25,233468,4
8587,542,2022-10-23,233468,5
8588,542,2022-11-26,233468,6
8589,542,2022-12-24,233468,7
8590,542,2023-01-27,233468,8
8591,542,2023-02-24,233468,9
8592,542,2023-03-26,233468,10
8593,542,2023-04-24,233468,11
8594,542,2023-05-29,233468,12
8595,542,2023-06-24,233468,13
8596,542,2023-07-26,233468,14
8597,542,2023-08-28,233468,15
8598,542,2023-09-29,233468,16
8599,542,2023-10-24,233468,17
8600,542,2023-11-25,233468,18
8601,542,2023-12-25,233468,19
8602,542,2024-01-24,233468,20
8603,542,2024-02-28,233468,21
8604,543,2024-05-18,258801,1
8605,543,2024-06-17,258801,2
8606,543,2024-07-19,258801,3
8607,543,2024-08-16,258801,4
8608,543,2024-09-19,258801,5
8609,543,2024-10-21,258801,6
8610,543,2024-11-15,258801,7
8611,543,2024-12-17,258801,8
8612,543,2025-01-16,258801,9
8613,543,2025-02-18,258801,10
8614,543,2025-03-20,258801,11
8615,543,2025-04-21,258801,12
8616,544,2019-04-16,300000,1
8617,544,2019-05-14,300000,2
8618,544,2019-06-15,300000,3
8619,544,2019-07-17,300000,4
8620,544,2019-08-17,300000,5
8621,544,2019-09-19,300000,6
8622,544,2019-10-13,300000,7
8623,544,2019-11-16,300000,8
8624,544,2019-12-16,300000,9
8625,544,2020-01-17,300000,10
8626,544,2020-02-19,300000,11
8627,544,2020-03-19,300000,12
8628,544,2020-04-19,300000,13
8629,544,2020-05-15,300000,14
8630,544,2020-06-14,300000,15
8631,544,2020-07-15,300000,16
8632,544,2020-08-18,300000,17
8633,544,2020-09-18,300000,18
8634,544,2020-10-14,300000,19
8635,544,2020-11-17,300000,20
8636,545,2022-09-24,300000,1
8637,545,2022-10-22,300000,2
8638,545,2022-11-22,300000,3
8639,545,2022-12-23,300000,4
8640,545,2023-01-22,300000,5
8641,545,2023-02-18,300000,6
8642,545,2023-03-23,300000,7
8643,545,2023-04-23,300000,8
8644,545,2023-05-21,300000,9
8645,545,2023-06-22,300000,10
8646,545,2023-07-24,300000,11
8647,545,2023-08-23,300000,12
8648,545,2023-09-24,300000,13
8649,545,2023-10-18,300000,14
8650,545,2023-11-21,300000,15
8651,545,2023-12-19,300000,16
8652,545,2024-01-24,300000,17
8653,545,2024-02-23,300000,18
8654,545,2024-03-18,300000,19
8655,545,2024-04-20,300000,20
8656,545,2024-05-18,300000,21
8657,546,2022-07-20,300000,1
8658,546,2022-08-20,300000,2
8659,546,2022-09-22,300000,3
8660,546,2022-10-22,300000,4
8661,547,2023-05-19,461391,1
8662,547,2023-06-16,461391,2
8663,547,2023-07-18,461391,3
8664,547,2023-08-20,461391,4
8665,547,2023-09-22,461391,5
8666,547,2023-10-20,461391,6
8667,547,2023-11-19,461391,7
8668,547,2023-12-20,461391,8
8669,547,2024-01-16,461391,9
8670,547,2024-02-16,461391,10
8671,547,2024-03-19,461391,11
8672,547,2024-04-19,461391,12
8673,547,2024-05-22,461391,13
8674,547,2024-06-22,461391,14
8675,547,2024-07-21,461391,15
8676,547,2024-08-19,461391,16
8677,547,2024-09-18,461391,17
8678,547,2024-10-20,461391,18
8679,547,2024-11-19,461391,19
8680,547,2024-12-17,461391,20
8681,548,2025-05-25,367777,1
8682,548,2025-06-27,367777,2
8683,548,2025-07-22,367777,3
8684,548,2025-08-22,367777,4
8685,548,2025-09-26,367777,5
8686,548,2025-10-25,367777,6
8687,548,2025-11-24,367777,7
8688,548,2025-12-25,367777,8
8689,548,2026-01-22,367777,9
8690,548,2026-02-22,367777,10
8691,549,2019-06-06,8538996,1
8692,550,2023-02-24,28661688,1
8693,551,2024-05-20,99394,1
8694,551,2024-06-16,99394,2
8695,551,2024-07-15,99394,3
8696,552,2025-05-17,152021,1
8697,552,2025-06-15,152021,2
8698,552,2025-07-18,152021,3
8699,552,2025-08-14,152021,4
8700,552,2025-09-20,152021,5
8701,553,2026-05-01,300000,1
8702,554,2021-01-06,826599,1
8703,554,2021-02-04,826599,2
8704,554,2021-03-02,826599,3
8705,554,2021-04-02,826599,4
8706,554,2021-05-06,826599,5
8707,554,2021-06-07,826599,6
8708,554,2021-07-01,826599,7
8709,554,2021-08-01,826599,8
8710,554,2021-09-01,826599,9
8711,554,2021-10-01,826599,10
8712,554,2021-11-05,826599,11
8713,554,2021-12-01,826599,12
8714,554,2022-01-05,826599,13
8715,555,2021-07-29,524148,1
8716,555,2021-08-27,524148,2
8717,555,2021-09-29,524148,3
8718,555,2021-11-01,524148,4
8719,555,2021-11-27,524148,5
8720,555,2021-12-30,524148,6
8721,555,2022-01-26,524148,7
8722,555,2022-03-03,524148,8
8723,555,2022-03-30,524148,9
8724,555,2022-05-01,524148,10
8725,555,2022-05-30,524148,11
8726,555,2022-07-02,524148,12
8727,555,2022-07-31,524148,13
8728,555,2022-09-01,524148,14
8729,555,2022-09-27,524148,15
8730,555,2022-10-26,524148,16
8731,555,2022-12-02,524148,17
8732,555,2023-01-01,524148,18
8733,555,2023-01-27,524148,19
8734,555,2023-02-27,524148,20
8735,555,2023-03-27,524148,21
8736,555,2023-05-01,524148,22
8737,555,2023-05-27,524148,23
8738,555,2023-06-27,524148,24
8739,555,2023-07-26,524148,25
8740,555,2023-08-27,524148,26
8741,555,2023-10-02,524148,27
8742,555,2023-10-26,524148,28
8743,555,2023-11-29,524148,29
8744,555,2023-12-28,524148,30
8745,555,2024-01-26,524148,31
8746,555,2024-03-02,524148,32
8747,555,2024-03-29,524148,33
8748,555,2024-04-26,524148,34
8749,555,2024-05-26,524148,35
8750,555,2024-06-28,524148,36
8751,555,2024-08-01,524148,37
8752,555,2024-08-31,524148,38
8753,555,2024-09-30,524148,39
8754,555,2024-10-30,524148,40
8755,555,2024-11-26,524148,41
8756,556,2023-05-11,943866,1
8757,556,2023-06-11,943866,2
8758,556,2023-07-09,943866,3
8759,556,2023-08-11,943866,4
8760,556,2023-09-07,943866,5
8761,556,2023-10-07,943866,6
8762,556,2023-11-09,943866,7
8763,556,2023-12-12,943866,8
8764,556,2024-01-10,943866,9
8765,556,2024-02-08,943866,10
8766,556,2024-03-10,943866,11
8767,556,2024-04-11,943866,12
8768,556,2024-05-08,943866,13
8769,556,2024-06-09,943866,14
8770,556,2024-07-09,943866,15
8771,556,2024-08-12,943866,16
8772,556,2024-09-08,943866,17
8773,556,2024-10-07,943866,18
8774,556,2024-11-08,943866,19
8775,556,2024-12-11,943866,20
8776,556,2025-01-07,943866,21
8777,556,2025-02-13,943866,22
8778,556,2025-03-13,943866,23
8779,556,2025-04-13,943866,24
8780,556,2025-05-09,943866,25
8781,556,2025-06-08,943866,26
8782,556,2025-07-13,943866,27
8783,556,2025-08-10,943866,28
8784,556,2025-09-12,943866,29
8785,556,2025-10-10,943866,30
8786,556,2025-11-13,943866,31
8787,556,2025-12-12,943866,32
8788,556,2026-01-11,943866,33
8789,557,2024-05-18,19942461,1
8790,558,2023-08-27,10221577,1
8791,559,2019-07-24,45865491,1
8792,560,2020-01-31,30034570,1
8793,561,2024-11-06,771450,1
8794,561,2024-12-04,771450,2
8795,561,2025-01-02,771450,3
8796,561,2025-02-03,771450,4
8797,561,2025-03-04,771450,5
8798,561,2025-03-31,771450,6
8799,561,2025-04-30,771450,7
8800,562,2021-03-04,851440,1
8801,562,2021-03-31,851440,2
8802,562,2021-05-06,851440,3
8803,562,2021-06-02,851440,4
8804,562,2021-07-04,851440,5
8805,562,2021-08-02,851440,6
8806,562,2021-08-31,851440,7
8807,562,2021-10-05,851440,8
8808,562,2021-11-05,851440,9
8809,562,2021-12-06,851440,10
8810,562,2021-12-31,851440,11
8811,562,2022-02-04,851440,12
8812,562,2022-03-06,851440,13
8813,562,2022-03-31,851440,14
8814,562,2022-05-03,851440,15
8815,563,2025-05-27,522817,1
8816,563,2025-06-21,522817,2
8817,563,2025-07-23,522817,3
8818,563,2025-08-24,522817,4
8819,563,2025-09-22,522817,5
8820,563,2025-10-25,522817,6
8821,563,2025-11-26,522817,7
8822,563,2025-12-26,522817,8
8823,563,2026-01-24,522817,9
8824,563,2026-02-26,522817,10
8825,563,2026-03-23,522817,11
8826,563,2026-04-26,522817,12
8827,563,2026-05-19,522817,13
8828,564,2021-05-24,888985,1
8829,564,2021-06-23,888985,2
8830,564,2021-07-25,888985,3
8831,564,2021-08-25,888985,4
8832,564,2021-09-27,888985,5
8833,564,2021-10-23,888985,6
8834,564,2021-11-27,888985,7
8835,564,2021-12-27,888985,8
8836,564,2022-01-25,888985,9
8837,564,2022-02-24,888985,10
8838,564,2022-03-27,888985,11
8839,564,2022-04-21,888985,12
8840,564,2022-05-24,888985,13
8841,564,2022-06-23,888985,14
8842,564,2022-07-23,888985,15
8843,564,2022-08-27,888985,16
8844,564,2022-09-24,888985,17
8845,564,2022-10-25,888985,18
8846,564,2022-11-25,888985,19
8847,564,2022-12-26,888985,20
8848,564,2023-01-23,888985,21
8849,565,2019-05-03,460714,1
8850,565,2019-06-05,460714,2
8851,565,2019-07-01,460714,3
8852,565,2019-08-02,460714,4
8853,565,2019-09-02,460714,5
8854,565,2019-10-05,460714,6
8855,565,2019-11-05,460714,7
8856,565,2019-12-01,460714,8
8857,565,2020-01-01,460714,9
8858,565,2020-02-05,460714,10
8859,565,2020-02-29,460714,11
8860,565,2020-04-02,460714,12
8861,565,2020-05-04,460714,13
8862,565,2020-06-01,460714,14
8863,565,2020-07-01,460714,15
8864,565,2020-08-05,460714,16
8865,565,2020-09-03,460714,17
8866,565,2020-10-04,460714,18
8867,565,2020-11-04,460714,19
8868,565,2020-12-01,460714,20
8869,565,2020-12-31,460714,21
8870,565,2021-02-03,460714,22
8871,565,2021-03-04,460714,23
8872,565,2021-04-01,460714,24
8873,565,2021-05-04,460714,25
8874,565,2021-06-06,460714,26
8875,565,2021-07-03,460714,27
8876,565,2021-08-03,460714,28
8877,565,2021-09-06,460714,29
8878,565,2021-10-02,460714,30
8879,565,2021-11-06,460714,31
8880,565,2021-12-05,460714,32
8881,565,2022-01-05,460714,33
8882,565,2022-02-01,460714,34
8883,566,2026-02-04,178296,1
8884,567,2020-11-02,218205,1
8885,568,2018-03-13,300000,1
8886,568,2018-04-12,300000,2
8887,568,2018-05-11,300000,3
8888,568,2018-06-12,300000,4
8889,568,2018-07-11,300000,5
8890,568,2018-08-13,300000,6
8891,568,2018-09-10,300000,7
8892,568,2018-10-12,300000,8
8893,568,2018-11-14,300000,9
8894,568,2018-12-11,300000,10
8895,568,2019-01-10,300000,11
8896,569,2020-05-20,300000,1
8897,569,2020-06-21,300000,2
8898,569,2020-07-19,300000,3
8899,569,2020-08-16,300000,4
8900,569,2020-09-17,300000,5
8901,569,2020-10-16,300000,6
8902,569,2020-11-22,300000,7
8903,569,2020-12-17,300000,8
8904,569,2021-01-17,300000,9
8905,569,2021-02-16,300000,10
8906,569,2021-03-20,300000,11
8907,569,2021-04-17,300000,12
8908,569,2021-05-16,300000,13
8909,569,2021-06-17,300000,14
8910,569,2021-07-18,300000,15
8911,569,2021-08-20,300000,16
8912,569,2021-09-19,300000,17
8913,569,2021-10-17,300000,18
8914,569,2021-11-18,300000,19
8915,569,2021-12-19,300000,20
8916,569,2022-01-19,300000,21
8917,569,2022-02-22,300000,22
8918,569,2022-03-17,300000,23
8919,569,2022-04-16,300000,24
8920,569,2022-05-17,300000,25
8921,569,2022-06-18,300000,26
8922,569,2022-07-19,300000,27
8923,569,2022-08-17,300000,28
8924,569,2022-09-16,300000,29
8925,569,2022-10-22,300000,30
8926,569,2022-11-17,300000,31
8927,569,2022-12-20,300000,32
8928,569,2023-01-22,300000,33
8929,569,2023-02-16,300000,34
8930,570,2020-10-30,300000,1
8931,570,2020-11-28,300000,2
8932,570,2020-12-27,300000,3
8933,570,2021-02-01,300000,4
8934,570,2021-02-27,300000,5
8935,570,2021-04-02,300000,6
8936,570,2021-05-03,300000,7
8937,570,2021-05-30,300000,8
8938,570,2021-06-28,300000,9
8939,570,2021-08-02,300000,10
8940,570,2021-08-31,300000,11
8941,570,2021-10-03,300000,12
8942,570,2021-11-02,300000,13
8943,570,2021-12-03,300000,14
8944,570,2021-12-27,300000,15
8945,570,2022-01-28,300000,16
8946,570,2022-03-01,300000,17
8947,570,2022-03-28,300000,18
8948,570,2022-04-30,300000,19
8949,570,2022-05-30,300000,20
8950,570,2022-06-30,300000,21
8951,570,2022-08-01,300000,22
8952,570,2022-09-02,300000,23
8953,570,2022-10-02,300000,24
8954,570,2022-10-27,300000,25
8955,570,2022-11-30,300000,26
8956,570,2022-12-31,300000,27
8957,570,2023-01-28,300000,28
8958,570,2023-03-03,300000,29
8959,570,2023-03-29,300000,30
8960,570,2023-05-01,300000,31
8961,570,2023-06-02,300000,32
8962,570,2023-07-02,300000,33
8963,571,2023-10-29,225182,1
8964,571,2023-11-25,225182,2
8965,571,2023-12-25,225182,3
8966,571,2024-01-24,225182,4
8967,572,2024-03-18,100000,1
8968,572,2024-04-19,100000,2
8969,573,2023-05-19,100000,1
8970,573,2023-06-21,100000,2
8971,573,2023-07-18,100000,3
8972,573,2023-08-19,100000,4
8973,573,2023-09-17,100000,5
8974,573,2023-10-21,100000,6
8975,573,2023-11-17,100000,7
8976,573,2023-12-22,100000,8
8977,573,2024-01-20,100000,9
8978,573,2024-02-21,100000,10
8979,573,2024-03-19,100000,11
8980,573,2024-04-20,100000,12
8981,573,2024-05-16,100000,13
8982,573,2024-06-19,100000,14
8983,573,2024-07-18,100000,15
8984,573,2024-08-16,100000,16
8985,573,2024-09-16,100000,17
8986,573,2024-10-18,100000,18
8987,573,2024-11-21,100000,19
8988,573,2024-12-16,100000,20
8989,573,2025-01-22,100000,21
8990,573,2025-02-19,100000,22
8991,573,2025-03-20,100000,23
8992,573,2025-04-16,100000,24
8993,574,2023-05-19,100000,1
8994,574,2023-06-17,100000,2
8995,574,2023-07-16,100000,3
8996,574,2023-08-22,100000,4
8997,574,2023-09-20,100000,5
8998,574,2023-10-16,100000,6
8999,574,2023-11-21,100000,7
9000,574,2023-12-20,100000,8
9001,574,2024-01-22,100000,9
9002,574,2024-02-18,100000,10
9003,574,2024-03-19,100000,11
9004,574,2024-04-22,100000,12
9005,574,2024-05-18,100000,13
9006,574,2024-06-17,100000,14
9007,574,2024-07-16,100000,15
9008,574,2024-08-21,100000,16
9009,574,2024-09-20,100000,17
9010,574,2024-10-20,100000,18
9011,574,2024-11-16,100000,19
9012,574,2024-12-21,100000,20
9013,574,2025-01-16,100000,21
9014,574,2025-02-17,100000,22
9015,574,2025-03-18,100000,23
9016,574,2025-04-22,100000,24
9017,574,2025-05-20,100000,25
9018,574,2025-06-17,100000,26
9019,574,2025-07-18,100000,27
9020,574,2025-08-17,100000,28
9021,574,2025-09-21,100000,29
9022,574,2025-10-20,100000,30
9023,574,2025-11-22,100000,31
9024,574,2025-12-16,100000,32
9025,574,2026-01-16,100000,33
9026,574,2026-02-18,100000,34
9027,574,2026-03-22,100000,35
9028,575,2025-05-18,200000,1
9029,575,2025-06-19,200000,2
9030,575,2025-07-20,200000,3
9031,575,2025-08-16,200000,4
9032,575,2025-09-17,200000,5
9033,575,2025-10-20,200000,6
9034,575,2025-11-18,200000,7
9035,575,2025-12-19,200000,8
9036,575,2026-01-16,200000,9
9037,575,2026-02-17,200000,10
9038,575,2026-03-20,200000,11
9039,575,2026-04-20,200000,12
9040,576,2020-07-28,383771,1
9041,576,2020-08-25,383771,2
9042,576,2020-09-23,383771,3
9043,576,2020-10-27,383771,4
9044,576,2020-11-22,383771,5
9045,576,2020-12-24,383771,6
9046,576,2021-01-23,383771,7
9047,576,2021-02-28,383771,8
9048,576,2021-03-27,383771,9
9049,576,2021-04-25,383771,10
9050,576,2021-05-27,383771,11
9051,577,2018-05-23,782603,1
9052,577,2018-06-23,782603,2
9053,577,2018-07-24,782603,3
9054,577,2018-08-24,782603,4
9055,577,2018-09-24,782603,5
9056,577,2018-10-26,782603,6
9057,577,2018-11-26,782603,7
9058,577,2018-12-20,782603,8
9059,577,2019-01-26,782603,9
9060,577,2019-02-21,782603,10
9061,577,2019-03-25,782603,11
9062,577,2019-04-25,782603,12
9063,577,2019-05-20,782603,13
9064,577,2019-06-26,782603,14
9065,577,2019-07-23,782603,15
9066,578,2025-01-02,524051,1
9067,578,2025-01-27,524051,2
9068,578,2025-03-01,524051,3
9069,578,2025-03-30,524051,4
9070,578,2025-05-02,524051,5
9071,578,2025-05-30,524051,6
9072,578,2025-06-28,524051,7
9073,578,2025-07-31,524051,8
9074,578,2025-09-01,524051,9
9075,578,2025-09-30,524051,10
9076,578,2025-10-27,524051,11
9077,578,2025-12-03,524051,12
9078,578,2025-12-28,524051,13
9079,578,2026-01-31,524051,14
9080,578,2026-02-26,524051,15
9081,578,2026-03-27,524051,16
9082,578,2026-05-01,524051,17
9083,578,2026-05-19,524051,18
9084,579,2020-02-25,397285,1
9085,579,2020-03-24,397285,2
9086,579,2020-04-27,397285,3
9087,579,2020-05-26,397285,4
9088,579,2020-06-28,397285,5
9089,579,2020-07-25,397285,6
9090,579,2020-08-24,397285,7
9091,579,2020-09-27,397285,8
9092,579,2020-10-26,397285,9
9093,579,2020-11-25,397285,10
9094,579,2020-12-25,397285,11
9095,579,2021-01-22,397285,12
9096,579,2021-02-22,397285,13
9097,579,2021-03-27,397285,14
9098,579,2021-04-26,397285,15
9099,579,2021-05-25,397285,16
9100,579,2021-06-27,397285,17
9101,579,2021-07-27,397285,18
9102,580,2025-05-19,199273,1
9103,581,2021-03-23,300000,1
9104,581,2021-04-20,300000,2
9105,581,2021-05-25,300000,3
9106,581,2021-06-23,300000,4
9107,581,2021-07-24,300000,5
9108,581,2021-08-24,300000,6
9109,581,2021-09-22,300000,7
9110,581,2021-10-26,300000,8
9111,581,2021-11-20,300000,9
9112,581,2021-12-20,300000,10
9113,582,2026-03-30,300000,1
9114,582,2026-04-28,300000,2
9115,582,2026-05-19,300000,3
9116,583,2021-04-04,300000,1
9117,583,2021-05-04,300000,2
9118,583,2021-06-01,300000,3
9119,583,2021-07-01,300000,4
9120,583,2021-08-02,300000,5
9121,583,2021-09-07,300000,6
9122,583,2021-10-07,300000,7
9123,583,2021-11-06,300000,8
9124,583,2021-12-02,300000,9
9125,583,2022-01-03,300000,10
9126,584,2024-10-14,934040,1
9127,584,2024-11-15,934040,2
9128,584,2024-12-16,934040,3
9129,584,2025-01-11,934040,4
9130,584,2025-02-14,934040,5
9131,584,2025-03-17,934040,6
9132,584,2025-04-16,934040,7
9133,584,2025-05-11,934040,8
9134,584,2025-06-16,934040,9
9135,584,2025-07-16,934040,10
9136,584,2025-08-16,934040,11
9137,584,2025-09-15,934040,12
9138,584,2025-10-14,934040,13
9139,584,2025-11-13,934040,14
9140,584,2025-12-13,934040,15
9141,584,2026-01-11,934040,16
9142,584,2026-02-16,934040,17
9143,585,2020-12-16,903019,1
9144,585,2021-01-13,903019,2
9145,585,2021-02-13,903019,3
9146,585,2021-03-15,903019,4
9147,585,2021-04-15,903019,5
9148,585,2021-05-16,903019,6
9149,585,2021-06-18,903019,7
9150,585,2021-07-19,903019,8
9151,585,2021-08-14,903019,9
9152,585,2021-09-16,903019,10
9153,585,2021-10-14,903019,11
9154,585,2021-11-19,903019,12
9155,585,2021-12-18,903019,13
9156,585,2022-01-15,903019,14
9157,585,2022-02-18,903019,15
9158,585,2022-03-15,903019,16
9159,585,2022-04-19,903019,17
9160,585,2022-05-18,903019,18
9161,585,2022-06-16,903019,19
9162,585,2022-07-17,903019,20
9163,585,2022-08-16,903019,21
9164,585,2022-09-14,903019,22
9165,585,2022-10-16,903019,23
9166,585,2022-11-19,903019,24
9167,585,2022-12-13,903019,25
9168,585,2023-01-14,903019,26
9169,585,2023-02-18,903019,27
9170,585,2023-03-14,903019,28
9171,585,2023-04-17,903019,29
9172,585,2023-05-15,903019,30
9173,585,2023-06-18,903019,31
9174,585,2023-07-14,903019,32
9175,585,2023-08-18,903019,33
9176,585,2023-09-18,903019,34
9177,585,2023-10-18,903019,35
9178,585,2023-11-15,903019,36
9179,585,2023-12-19,903019,37
9180,585,2024-01-16,903019,38
9181,585,2024-02-18,903019,39
9182,585,2024-03-13,903019,40
9183,585,2024-04-19,903019,41
9184,585,2024-05-17,903019,42
9185,585,2024-06-15,903019,43
9186,585,2024-07-14,903019,44
9187,585,2024-08-15,903019,45
9188,585,2024-09-14,903019,46
9189,585,2024-10-15,903019,47
9190,585,2024-11-14,903019,48
9191,585,2024-12-18,903019,49
9192,585,2025-01-16,903019,50
9193,585,2025-02-14,903019,51
9194,585,2025-03-14,903019,52
9195,585,2025-04-13,903019,53
9196,586,2025-06-12,607183,1
9197,586,2025-07-13,607183,2
9198,586,2025-08-11,607183,3
9199,586,2025-09-10,607183,4
9200,586,2025-10-10,607183,5
9201,586,2025-11-09,607183,6
9202,586,2025-12-10,607183,7
9203,586,2026-01-14,607183,8
9204,586,2026-02-11,607183,9
9205,586,2026-03-10,607183,10
9206,586,2026-04-13,607183,11
9207,586,2026-05-15,607183,12
9208,586,2026-05-19,607183,13
9209,586,2026-05-19,607183,14
9210,586,2026-05-19,607183,15
9211,586,2026-05-19,607183,16
9212,586,2026-05-19,607183,17
9213,586,2026-05-19,607183,18
9214,586,2026-05-19,607183,19
9215,586,2026-05-19,607183,20
9216,586,2026-05-19,607183,21
9217,586,2026-05-19,607183,22
9218,586,2026-05-19,607183,23
9219,586,2026-05-19,607183,24
9220,586,2026-05-19,607183,25
9221,586,2026-05-19,607183,26
9222,586,2026-05-19,607183,27
9223,586,2026-05-19,607183,28
9224,586,2026-05-19,607183,29
9225,586,2026-05-19,607183,30
9226,586,2026-05-19,607183,31
9227,587,2018-01-22,722573,1
9228,587,2018-02-22,722573,2
9229,587,2018-03-19,722573,3
9230,587,2018-04-22,722573,4
9231,587,2018-05-19,722573,5
9232,587,2018-06-21,722573,6
9233,587,2018-07-18,722573,7
9234,587,2018-08-24,722573,8
9235,587,2018-09-21,722573,9
9236,587,2018-10-22,722573,10
9237,587,2018-11-21,722573,11
9238,587,2018-12-21,722573,12
9239,587,2019-01-21,722573,13
9240,587,2019-02-22,722573,14
9241,587,2019-03-24,722573,15
9242,587,2019-04-23,722573,16
9243,587,2019-05-21,722573,17
9244,587,2019-06-19,722573,18
9245,587,2019-07-22,722573,19
9246,587,2019-08-21,722573,20
9247,587,2019-09-24,722573,21
9248,587,2019-10-23,722573,22
9249,587,2019-11-22,722573,23
9250,587,2019-12-20,722573,24
9251,587,2020-01-23,722573,25
9252,587,2020-02-19,722573,26
9253,587,2020-03-21,722573,27
9254,587,2020-04-24,722573,28
9255,587,2020-05-20,722573,29
9256,588,2025-07-12,500000,1
9257,588,2025-08-09,500000,2
9258,588,2025-09-09,500000,3
9259,588,2025-10-10,500000,4
9260,588,2025-11-09,500000,5
9261,589,2025-02-14,11871893,1
9262,590,2017-05-08,204458,1
9263,590,2017-06-03,204458,2
9264,590,2017-07-08,204458,3
9265,590,2017-08-06,204458,4
9266,590,2017-09-05,204458,5
9267,590,2017-10-08,204458,6
9268,590,2017-11-07,204458,7
9269,590,2017-12-06,204458,8
9270,590,2018-01-04,204458,9
9271,590,2018-02-08,204458,10
9272,590,2018-03-04,204458,11
9273,591,2017-04-01,300000,1
9274,591,2017-04-29,300000,2
9275,592,2021-04-12,300000,1
9276,592,2021-05-13,300000,2
9277,592,2021-06-11,300000,3
9278,592,2021-07-11,300000,4
9279,592,2021-08-12,300000,5
9280,592,2021-09-11,300000,6
9281,592,2021-10-12,300000,7
9282,592,2021-11-13,300000,8
9283,592,2021-12-08,300000,9
9284,593,2017-12-02,300000,1
9285,593,2018-01-01,300000,2
9286,593,2018-02-02,300000,3
9287,593,2018-03-01,300000,4
9288,593,2018-03-28,300000,5
9289,593,2018-05-03,300000,6
9290,593,2018-05-28,300000,7
9291,593,2018-07-03,300000,8
9292,593,2018-07-31,300000,9
9293,593,2018-08-27,300000,10
9294,593,2018-10-01,300000,11
9295,594,2023-05-19,31869402,1
9296,595,2024-04-28,32509726,1
9297,596,2024-09-15,219256,1
9298,596,2024-10-13,219256,2
9299,596,2024-11-15,219256,3
9300,596,2024-12-16,219256,4
9301,596,2025-01-12,219256,5
9302,596,2025-02-13,219256,6
9303,596,2025-03-13,219256,7
9304,596,2025-04-13,219256,8
9305,596,2025-05-15,219256,9
9306,597,2023-01-05,248212,1
9307,597,2023-02-03,248212,2
9308,597,2023-03-04,248212,3
9309,597,2023-04-02,248212,4
9310,597,2023-05-06,248212,5
9311,597,2023-06-05,248212,6
9312,597,2023-07-06,248212,7
9313,597,2023-08-07,248212,8
9314,597,2023-09-03,248212,9
9315,597,2023-10-06,248212,10
9316,597,2023-11-03,248212,11
9317,597,2023-12-06,248212,12
9318,597,2024-01-02,248212,13
9319,597,2024-02-02,248212,14
9320,597,2024-03-02,248212,15
9321,597,2024-04-02,248212,16
9322,598,2021-11-27,200466,1
9323,598,2021-12-25,200466,2
9324,598,2022-01-28,200466,3
9325,598,2022-02-28,200466,4
9326,598,2022-03-28,200466,5
9327,598,2022-04-25,200466,6
9328,598,2022-05-28,200466,7
9329,598,2022-06-28,200466,8
9330,598,2022-07-27,200466,9
9331,598,2022-08-24,200466,10
9332,598,2022-09-26,200466,11
9333,598,2022-10-24,200466,12
9334,598,2022-11-27,200466,13
9335,598,2022-12-26,200466,14
9336,598,2023-01-30,200466,15
9337,598,2023-02-28,200466,16
9338,598,2023-03-27,200466,17
9339,598,2023-04-30,200466,18
9340,598,2023-05-28,200466,19
9341,598,2023-06-25,200466,20
9342,598,2023-07-29,200466,21
9343,598,2023-08-27,200466,22
9344,598,2023-09-25,200466,23
9345,599,2023-12-31,300000,1
9346,599,2024-01-29,300000,2
9347,599,2024-03-01,300000,3
9348,599,2024-03-30,300000,4
9349,599,2024-04-27,300000,5
9350,599,2024-06-02,300000,6
9351,599,2024-07-01,300000,7
9352,599,2024-07-31,300000,8
9353,599,2024-08-27,300000,9
9354,599,2024-10-03,300000,10
9355,599,2024-10-29,300000,11
9356,599,2024-11-27,300000,12
9357,600,2025-04-11,300000,1
9358,600,2025-05-10,300000,2
9359,600,2025-06-14,300000,3
9360,600,2025-07-09,300000,4
9361,600,2025-08-10,300000,5
9362,600,2025-09-13,300000,6
9363,600,2025-10-08,300000,7
9364,600,2025-11-14,300000,8
9365,600,2025-12-08,300000,9
9366,600,2026-01-11,300000,10
